INSERT INTO country VALUES('Afghanistan', 0, 0, 0, 0);
INSERT INTO country VALUES('Palestinian Territory', 0, 0, 0, 0);
INSERT INTO country VALUES('Philippines', 0, 0, 0, 0);
INSERT INTO country VALUES('Democratic Republic of the Congo', 0, 0, 0, 0);
INSERT INTO country VALUES('Argentina', 0, 0, 0, 0);
INSERT INTO country VALUES('Thailand', 0, 0, 0, 0);
INSERT INTO country VALUES('Czech Republic', 0, 0, 0, 0);
INSERT INTO country VALUES('Nigeria', 0, 0, 0, 0);
INSERT INTO country VALUES('Norway', 0, 0, 0, 0);
INSERT INTO country VALUES('Russia', 0, 0, 0, 0);
INSERT INTO country VALUES('Ukraine', 0, 0, 0, 0);
INSERT INTO country VALUES('Venezuela', 0, 0, 0, 0);
INSERT INTO country VALUES('Georgia', 0, 0, 0, 0);
INSERT INTO country VALUES('Tanzania', 0, 0, 0, 0);
INSERT INTO country VALUES('South Africa', 0, 0, 0, 0);
INSERT INTO country VALUES('Canada', 0, 0, 0, 0);
INSERT INTO country VALUES('Kiribati', 0, 0, 0, 0);
INSERT INTO country VALUES('China', 0, 0, 0, 0);
INSERT INTO country VALUES('Guatemala', 0, 0, 0, 0);
INSERT INTO country VALUES('Pakistan', 0, 0, 0, 0);
INSERT INTO country VALUES('Brazil', 0, 0, 0, 0);
INSERT INTO country VALUES('Greece', 0, 0, 0, 0);
INSERT INTO country VALUES('Malaysia', 0, 0, 0, 0);
INSERT INTO country VALUES('Sweden', 0, 0, 0, 0);
INSERT INTO country VALUES('Peru', 0, 0, 0, 0);
INSERT INTO country VALUES('Iraq', 0, 0, 0, 0);
INSERT INTO country VALUES('North Korea', 0, 0, 0, 0);
INSERT INTO country VALUES('Nepal', 0, 0, 0, 0);
INSERT INTO country VALUES('Yemen', 0, 0, 0, 0);
INSERT INTO country VALUES('Lithuania', 0, 0, 0, 0);
INSERT INTO country VALUES('Cuba', 0, 0, 0, 0);
INSERT INTO country VALUES('Latvia', 0, 0, 0, 0);
INSERT INTO country VALUES('New Zealand', 0, 0, 0, 0);
INSERT INTO country VALUES('Japan', 0, 0, 0, 0);
INSERT INTO country VALUES('Portugal', 0, 0, 0, 0);
INSERT INTO country VALUES('Ireland', 0, 0, 0, 0);
INSERT INTO country VALUES('United States', 0, 0, 0, 0);
INSERT INTO country VALUES('Indonesia', 0, 0, 0, 0);
INSERT INTO country VALUES('Iran', 0, 0, 0, 0);
INSERT INTO country VALUES('Togo', 0, 0, 0, 0);
INSERT INTO country VALUES('Germany', 0, 0, 0, 0);
INSERT INTO country VALUES('Poland', 0, 0, 0, 0);
INSERT INTO country VALUES('Chile', 0, 0, 0, 0);
INSERT INTO country VALUES('Albania', 0, 0, 0, 0);
INSERT INTO country VALUES('Mexico', 0, 0, 0, 0);
INSERT INTO country VALUES('Libya', 0, 0, 0, 0);
INSERT INTO country VALUES('Bulgaria', 0, 0, 0, 0);

insert into player  values (1, 'Marga Gulk', 'Female', 'Malaysia', 63, 26, 86);
insert into player  values (2, 'Raquel Worshall', 'Female', 'Libya', 37, 29, 79);
insert into player  values (3, 'Rowan Sales', 'Male', 'Philippines', 66, 54, 8);
insert into player  values (4, 'Martha Abrahamian', 'Female', 'Togo', 74, 80, 79);
insert into player  values (5, 'Sheena Elgram', 'Female', 'Russia', 79, 14, 50);
insert into player  values (6, 'Judah Cobon', 'Male', 'Brazil', 20, 34, 38);
insert into player  values (7, 'Barrett Cathenod', 'Male', 'Tanzania', 57, 82, 89);
insert into player  values (8, 'Symon Londors', 'Male', 'Lithuania', 7, 98, 40);
insert into player  values (9, 'Olia Gailor', 'Female', 'Philippines', 47, 54, 96);
insert into player  values (10, 'Myrtie Fisbey', 'Female', 'Sweden', 71, 19, 15);
insert into player  values (11, 'Aleen Shubotham', 'Female', 'Bulgaria', 67, 27, 52);
insert into player  values (12, 'Cherilyn Hyrons', 'Female', 'Mexico', 17, 37, 63);
insert into player  values (13, 'Hedwiga Parsall', 'Female', 'Democratic Republic of the Congo', 73, 95, 78);
insert into player  values (14, 'Richardo Addlestone', 'Male', 'China', 77, 12, 17);
insert into player  values (15, 'Don Mapowder', 'Male', 'China', 22, 70, 73);
insert into player  values (16, 'Meyer Wragge', 'Male', 'China', 57, 66, 14);
insert into player  values (17, 'Bank Candlish', 'Male', 'Czech Republic', 7, 25, 87);
insert into player  values (18, 'Maximilien Lomansey', 'Male', 'China', 22, 48, 57);
insert into player  values (19, 'Haroun Schoales', 'Male', 'Brazil', 89, 43, 97);
insert into player  values (20, 'Kaja Kelly', 'Female', 'Japan', 59, 40, 66);
insert into player  values (21, 'Charity Doerffer', 'Female', 'Russia', 94, 30, 17);
insert into player  values (22, 'Minnaminnie MacGillivray', 'Female', 'Nigeria', 43, 23, 10);
insert into player  values (23, 'Janessa Churcher', 'Female', 'China', 53, 26, 37);
insert into player  values (24, 'Brier Comusso', 'Female', 'China', 17, 5, 42);
insert into player  values (25, 'Jodi Pude', 'Female', 'Iraq', 72, 55, 67);
insert into player  values (26, 'Doria Witcombe', 'Female', 'Brazil', 24, 51, 28);
insert into player  values (27, 'Lanni Riddich', 'Female', 'Afghanistan', 55, 61, 61);
insert into player  values (28, 'Sinclare Adne', 'Male', 'Peru', 77, 56, 15);
insert into player  values (29, 'Gualterio Sargeant', 'Male', 'Iran', 3, 64, 93);
insert into player  values (30, 'Brynn Bourley', 'Female', 'Venezuela', 46, 92, 14);
insert into player  values (31, 'Pietra Ellwood', 'Female', 'Yemen', 1, 100, 28);
insert into player  values (32, 'Rickard MacRinn', 'Male', 'Russia', 55, 5, 98);
insert into player  values (33, 'Inger Bimson', 'Female', 'Poland', 82, 51, 92);
insert into player  values (34, 'Tiffy Lattin', 'Female', 'Chile', 77, 45, 43);
insert into player  values (35, 'Amie Notton', 'Female', 'Brazil', 54, 49, 29);
insert into player  values (36, 'Melamie Rotherforth', 'Female', 'United States', 28, 54, 81);
insert into player  values (37, 'Boyce Zavattero', 'Male', 'Kiribati', 68, 42, 82);
insert into player  values (38, 'Gerard Anker', 'Male', 'Thailand', 46, 10, 15);
insert into player  values (39, 'Kassandra Pedreschi', 'Female', 'Libya', 95, 25, 79);
insert into player  values (40, 'Travers Boome', 'Male', 'Argentina', 78, 8, 26);
insert into player  values (41, 'Germana Ervin', 'Female', 'Thailand', 51, 33, 72);
insert into player  values (42, 'Dell Streeting', 'Male', 'Portugal', 12, 97, 80);
insert into player  values (43, 'Augustine Burdfield', 'Female', 'Norway', 84, 9, 65);
insert into player  values (44, 'Phillipe Dunsmore', 'Male', 'Sweden', 76, 62, 10);
insert into player  values (45, 'Delmor Gallety', 'Male', 'Japan', 30, 80, 73);
insert into player  values (46, 'Myrtice Eilert', 'Female', 'Japan', 60, 87, 47);
insert into player  values (47, 'Mariel Kingsley', 'Female', 'Ukraine', 27, 9, 12);
insert into player  values (48, 'Rickey Matusevich', 'Male', 'Germany', 56, 48, 8);
insert into player  values (49, 'Madella Figgs', 'Female', 'Indonesia', 86, 20, 3);
insert into player  values (50, 'Allix Whight', 'Female', 'China', 95, 36, 99);
insert into player  values (51, 'Nicko Culligan', 'Male', 'China', 86, 31, 86);
insert into player  values (52, 'Faythe Hirthe', 'Female', 'Russia', 35, 2, 39);
insert into player  values (53, 'Adair Luter', 'Male', 'Philippines', 86, 78, 81);
insert into player  values (54, 'Francklyn Tumbridge', 'Male', 'Indonesia', 71, 55, 75);
insert into player  values (55, 'Elayne Kordes', 'Female', 'Iran', 10, 97, 61);
insert into player  values (56, 'El Saylor', 'Male', 'North Korea', 40, 3, 25);
insert into player  values (57, 'Edgard Collcutt', 'Male', 'Latvia', 36, 52, 2);
insert into player  values (58, 'Bethina Gittins', 'Female', 'Czech Republic', 73, 3, 13);
insert into player  values (59, 'Aloisia Horrod', 'Female', 'Indonesia', 86, 58, 22);
insert into player  values (60, 'Aubrie McIlmorow', 'Female', 'Argentina', 14, 75, 13);
insert into player  values (61, 'Jerrilyn Marchi', 'Female', 'Albania', 31, 27, 75);
insert into player  values (62, 'Krishnah Jeacop', 'Male', 'China', 82, 76, 12);
insert into player  values (63, 'Mavra Pikesley', 'Female', 'China', 90, 81, 93);
insert into player  values (64, 'Patrizio Wynne', 'Male', 'Palestinian Territory', 22, 75, 33);
insert into player  values (65, 'Ab Duce', 'Male', 'Nepal', 72, 97, 63);
insert into player  values (66, 'Sanford Houldin', 'Male', 'Indonesia', 79, 87, 7);
insert into player  values (67, 'Waverly Pobjay', 'Male', 'Indonesia', 39, 27, 74);
insert into player  values (68, 'Golda Guilayn', 'Female', 'Argentina', 82, 42, 54);
insert into player  values (69, 'Lorri Yarnton', 'Female', 'China', 61, 2, 1);
insert into player  values (70, 'Drucy Bezemer', 'Female', 'Peru', 27, 47, 57);
insert into player  values (71, 'Neda Getley', 'Female', 'China', 48, 93, 36);
insert into player  values (72, 'Pernell McDonnell', 'Male', 'South Africa', 20, 66, 20);
insert into player  values (73, 'Winne Woodeson', 'Female', 'Philippines', 38, 41, 84);
insert into player  values (74, 'Dexter Lukovic', 'Male', 'Ireland', 67, 2, 50);
insert into player  values (75, 'Dorena MacFaul', 'Female', 'China', 65, 43, 84);
insert into player  values (76, 'Horst Abendroth', 'Male', 'Iran', 20, 97, 81);
insert into player  values (77, 'Aubrey Thuillier', 'Male', 'Poland', 34, 90, 94);
insert into player  values (78, 'Jesselyn Coolbear', 'Female', 'Brazil', 57, 83, 11);
insert into player  values (79, 'Nellie Micco', 'Female', 'Mexico', 77, 21, 87);
insert into player  values (80, 'Laurena Winram', 'Female', 'Indonesia', 48, 94, 69);
insert into player  values (81, 'Maison Buard', 'Male', 'Brazil', 50, 20, 83);
insert into player  values (82, 'Mora Addenbrooke', 'Female', 'Guatemala', 21, 24, 69);
insert into player  values (83, 'Garry Grzelewski', 'Male', 'Pakistan', 99, 71, 71);
insert into player  values (84, 'Andie Primarolo', 'Female', 'China', 8, 78, 79);
insert into player  values (85, 'Carey Truscott', 'Female', 'Nigeria', 92, 55, 68);
insert into player  values (86, 'Gelya Humbles', 'Female', 'New Zealand', 13, 63, 69);
insert into player  values (87, 'Blondelle Vivians', 'Female', 'Greece', 61, 22, 6);
insert into player  values (88, 'Corabel Peyro', 'Female', 'Chile', 76, 1, 80);
insert into player  values (89, 'Kayley Lawry', 'Female', 'Canada', 83, 93, 66);
insert into player  values (90, 'Natividad Laye', 'Female', 'China', 75, 95, 12);
insert into player  values (91, 'Harlene Gimlet', 'Female', 'Georgia', 61, 29, 89);
insert into player  values (92, 'Nola Stonebanks', 'Female', 'Argentina', 22, 29, 38);
insert into player  values (93, 'Penelope Shurman', 'Female', 'Georgia', 46, 42, 35);
insert into player  values (94, 'Selestina Bartholomaus', 'Female', 'Argentina', 66, 48, 59);
insert into player  values (95, 'Aland McDavid', 'Male', 'Indonesia', 38, 47, 39);
insert into player  values (96, 'Dirk Deetch', 'Male', 'Cuba', 72, 92, 85);
insert into player  values (97, 'Jud Norewood', 'Male', 'Japan', 38, 40, 18);
insert into player  values (98, 'Heinrik Herrema', 'Male', 'China', 20, 93, 37);
insert into player  values (99, 'Ambrose Gager', 'Male', 'Philippines', 1, 25, 85);
insert into player  values (100, 'Johan Sheldon', 'Male', 'China', 42, 39, 63);


INSERT INTO Sport VALUES( 'Breaststroke', 200);
INSERT INTO Sport VALUES( 'Butterfly', 100);
INSERT INTO Sport VALUES( 'Freestyle', 400);
INSERT INTO Sport VALUES( 'Backstroke', 100);
INSERT INTO Sport VALUES( 'Backstroke', 100);

INSERT INTO matches VALUES(0, 'preliminary', 'Water Cube', '2008-08-09', '1');
INSERT INTO matches VALUES(1, 'preliminary', 'Water Cube', '2008-08-09', '1');
INSERT INTO matches VALUES(2, 'preliminary', 'Water Cube', '2008-08-09', '1');
INSERT INTO matches VALUES(3, 'preliminary', 'Water Cube', '2008-08-09', '1');
INSERT INTO matches VALUES(4, 'preliminary', 'Water Cube', '2008-08-09', '1');
INSERT INTO matches VALUES(5, 'preliminary', 'Water Cube', '2008-08-09', '1');
INSERT INTO matches VALUES(6, 'preliminary', 'Water Cube', '2008-08-09', '1');
INSERT INTO matches VALUES(7, 'preliminary', 'Water Cube', '2008-08-09', '1');
INSERT INTO matches VALUES(8, 'semi-final', 'Water Cube', '2008-08-10', '1');
INSERT INTO matches VALUES(9, 'semi-final', 'Water Cube', '2008-08-10', '1');
INSERT INTO matches VALUES(10, 'final', 'Water Cube', '2008-08-12', '1');
INSERT INTO matches VALUES(11, 'preliminary', 'Water Cube', '2008-08-09', '2');
INSERT INTO matches VALUES(12, 'preliminary', 'Water Cube', '2008-08-09', '2');
INSERT INTO matches VALUES(13, 'preliminary', 'Water Cube', '2008-08-09', '2');
INSERT INTO matches VALUES(14, 'preliminary', 'Water Cube', '2008-08-09', '2');
INSERT INTO matches VALUES(15, 'preliminary', 'Water Cube', '2008-08-09', '2');
INSERT INTO matches VALUES(16, 'preliminary', 'Water Cube', '2008-08-09', '2');
INSERT INTO matches VALUES(17, 'preliminary', 'Water Cube', '2008-08-09', '2');
INSERT INTO matches VALUES(18, 'preliminary', 'Water Cube', '2008-08-09', '2');
INSERT INTO matches VALUES(19, 'semi-final', 'Water Cube', '2008-08-10', '2');
INSERT INTO matches VALUES(20, 'semi-final', 'Water Cube', '2008-08-10', '2');
INSERT INTO matches VALUES(21, 'final', 'Water Cube', '2008-08-12', '2');
INSERT INTO matches VALUES(22, 'preliminary', 'Water Cube', '2008-08-09', '3');
INSERT INTO matches VALUES(23, 'preliminary', 'Water Cube', '2008-08-09', '3');
INSERT INTO matches VALUES(24, 'preliminary', 'Water Cube', '2008-08-09', '3');
INSERT INTO matches VALUES(25, 'preliminary', 'Water Cube', '2008-08-09', '3');
INSERT INTO matches VALUES(26, 'preliminary', 'Water Cube', '2008-08-09', '3');
INSERT INTO matches VALUES(27, 'preliminary', 'Water Cube', '2008-08-09', '3');
INSERT INTO matches VALUES(28, 'preliminary', 'Water Cube', '2008-08-09', '3');
INSERT INTO matches VALUES(29, 'preliminary', 'Water Cube', '2008-08-09', '3');
INSERT INTO matches VALUES(30, 'semi-final', 'Water Cube', '2008-08-10', '3');
INSERT INTO matches VALUES(31, 'semi-final', 'Water Cube', '2008-08-10', '3');
INSERT INTO matches VALUES(32, 'final', 'Water Cube', '2008-08-12', '3');
INSERT INTO matches VALUES(33, 'preliminary', 'Water Cube', '2008-08-09', '4');
INSERT INTO matches VALUES(34, 'preliminary', 'Water Cube', '2008-08-09', '4');
INSERT INTO matches VALUES(35, 'preliminary', 'Water Cube', '2008-08-09', '4');
INSERT INTO matches VALUES(36, 'preliminary', 'Water Cube', '2008-08-09', '4');
INSERT INTO matches VALUES(37, 'preliminary', 'Water Cube', '2008-08-09', '4');
INSERT INTO matches VALUES(38, 'preliminary', 'Water Cube', '2008-08-09', '4');
INSERT INTO matches VALUES(39, 'preliminary', 'Water Cube', '2008-08-09', '4');
INSERT INTO matches VALUES(40, 'preliminary', 'Water Cube', '2008-08-09', '4');
INSERT INTO matches VALUES(41, 'semi-final', 'Water Cube', '2008-08-10', '4');
INSERT INTO matches VALUES(42, 'semi-final', 'Water Cube', '2008-08-10', '4');
INSERT INTO matches VALUES(43, 'final', 'Water Cube', '2008-08-12', '4');
INSERT INTO matches VALUES(44, 'preliminary', 'National Statium', '2008-08-09', '5');
INSERT INTO matches VALUES(45, 'preliminary', 'National Statium', '2008-08-09', '5');
INSERT INTO matches VALUES(46, 'preliminary', 'National Statium', '2008-08-09', '5');
INSERT INTO matches VALUES(47, 'preliminary', 'National Statium', '2008-08-09', '5');
INSERT INTO matches VALUES(48, 'preliminary', 'National Statium', '2008-08-09', '5');
INSERT INTO matches VALUES(49, 'preliminary', 'National Statium', '2008-08-09', '5');
INSERT INTO matches VALUES(50, 'preliminary', 'National Statium', '2008-08-09', '5');
INSERT INTO matches VALUES(51, 'preliminary', 'National Statium', '2008-08-09', '5');
INSERT INTO matches VALUES(52, 'semi-final', 'National Statium', '2008-08-10', '5');
INSERT INTO matches VALUES(53, 'semi-final', 'National Statium', '2008-08-10', '5');
INSERT INTO matches VALUES(54, 'final', 'National Statium', '2008-08-12', '5');
INSERT INTO matches VALUES(55, 'preliminary', 'National Statium', '2008-08-09', '6');
INSERT INTO matches VALUES(56, 'preliminary', 'National Statium', '2008-08-09', '6');
INSERT INTO matches VALUES(57, 'preliminary', 'National Statium', '2008-08-09', '6');
INSERT INTO matches VALUES(58, 'preliminary', 'National Statium', '2008-08-09', '6');
INSERT INTO matches VALUES(59, 'preliminary', 'National Statium', '2008-08-09', '6');
INSERT INTO matches VALUES(60, 'preliminary', 'National Statium', '2008-08-09', '6');
INSERT INTO matches VALUES(61, 'preliminary', 'National Statium', '2008-08-09', '6');
INSERT INTO matches VALUES(62, 'preliminary', 'National Statium', '2008-08-09', '6');
INSERT INTO matches VALUES(63, 'semi-final', 'National Statium', '2008-08-10', '6');
INSERT INTO matches VALUES(64, 'semi-final', 'National Statium', '2008-08-10', '6');
INSERT INTO matches VALUES(65, 'final', 'National Statium', '2008-08-12', '6');
INSERT INTO matches VALUES(66, 'preliminary', 'National Statium', '2008-08-09', '7');
INSERT INTO matches VALUES(67, 'preliminary', 'National Statium', '2008-08-09', '7');
INSERT INTO matches VALUES(68, 'preliminary', 'National Statium', '2008-08-09', '7');
INSERT INTO matches VALUES(69, 'preliminary', 'National Statium', '2008-08-09', '7');
INSERT INTO matches VALUES(70, 'preliminary', 'National Statium', '2008-08-09', '7');
INSERT INTO matches VALUES(71, 'preliminary', 'National Statium', '2008-08-09', '7');
INSERT INTO matches VALUES(72, 'preliminary', 'National Statium', '2008-08-09', '7');
INSERT INTO matches VALUES(73, 'preliminary', 'National Statium', '2008-08-09', '7');
INSERT INTO matches VALUES(74, 'semi-final', 'National Statium', '2008-08-10', '7');
INSERT INTO matches VALUES(75, 'semi-final', 'National Statium', '2008-08-10', '7');
INSERT INTO matches VALUES(76, 'final', 'National Statium', '2008-08-12', '7');
INSERT INTO matches VALUES(77, 'preliminary', 'National Statium', '2008-08-09', '8');
INSERT INTO matches VALUES(78, 'preliminary', 'National Statium', '2008-08-09', '8');
INSERT INTO matches VALUES(79, 'preliminary', 'National Statium', '2008-08-09', '8');
INSERT INTO matches VALUES(80, 'preliminary', 'National Statium', '2008-08-09', '8');
INSERT INTO matches VALUES(81, 'preliminary', 'National Statium', '2008-08-09', '8');
INSERT INTO matches VALUES(82, 'preliminary', 'National Statium', '2008-08-09', '8');
INSERT INTO matches VALUES(83, 'preliminary', 'National Statium', '2008-08-09', '8');
INSERT INTO matches VALUES(84, 'preliminary', 'National Statium', '2008-08-09', '8');
INSERT INTO matches VALUES(85, 'semi-final', 'National Statium', '2008-08-10', '8');
INSERT INTO matches VALUES(86, 'semi-final', 'National Statium', '2008-08-10', '8');
INSERT INTO matches VALUES(87, 'final', 'National Statium', '2008-08-12', '8');
INSERT INTO matches VALUES(88, 'preliminary', 'National Statium', '2008-08-09', '9');
INSERT INTO matches VALUES(89, 'preliminary', 'National Statium', '2008-08-09', '9');
INSERT INTO matches VALUES(90, 'preliminary', 'National Statium', '2008-08-09', '9');
INSERT INTO matches VALUES(91, 'preliminary', 'National Statium', '2008-08-09', '9');
INSERT INTO matches VALUES(92, 'preliminary', 'National Statium', '2008-08-09', '9');
INSERT INTO matches VALUES(93, 'preliminary', 'National Statium', '2008-08-09', '9');
INSERT INTO matches VALUES(94, 'preliminary', 'National Statium', '2008-08-09', '9');
INSERT INTO matches VALUES(95, 'preliminary', 'National Statium', '2008-08-09', '9');
INSERT INTO matches VALUES(96, 'semi-final', 'National Statium', '2008-08-10', '9');
INSERT INTO matches VALUES(97, 'semi-final', 'National Statium', '2008-08-10', '9');
INSERT INTO matches VALUES(98, 'final', 'National Statium', '2008-08-12', '9');



INSERT INTO medals VALUES('gold');
INSERT INTO medals VALUES('silver');
INSERT INTO medals VALUES('bronze');


INSERT INTO participate VALUES(1, 1, '17.03 s', 1, 'gold');
INSERT INTO participate VALUES(3, 1, '17.13 s', 2, 'silver');
INSERT INTO participate VALUES(5, 1, '17.23 s', 3, 'bronze');
INSERT INTO participate VALUES(7, 1, '17.33 s', 4, null);



INSERT INTO spectator VALUES(12,  'David Gilbert');
INSERT INTO spectator VALUES(23,  'Mathieu Vachon');



INSERT INTO ticket VALUES(42, 1, 12, '55f', 50.99);
INSERT INTO ticket VALUES(7, 2, 23, '244A', 249.99);
