INSERT INTO country VALUES('Peru', 0, 0, 0, 0);
INSERT INTO country VALUES('Isle of Man', 0, 0, 0, 0);
INSERT INTO country VALUES('Iran', 0, 0, 0, 0);
INSERT INTO country VALUES('Canada', 0, 0, 0, 0);
INSERT INTO country VALUES('Australia', 0, 0, 0, 0);
INSERT INTO country VALUES('Bangladesh', 0, 0, 0, 0);
INSERT INTO country VALUES('Argentina', 0, 0, 0, 0);
INSERT INTO country VALUES('Nigeria', 0, 0, 0, 0);
INSERT INTO country VALUES('Ukraine', 0, 0, 0, 0);
INSERT INTO country VALUES('Pakistan', 0, 0, 0, 0);
INSERT INTO country VALUES('Slovenia', 0, 0, 0, 0);
INSERT INTO country VALUES('Israel', 0, 0, 0, 0);
INSERT INTO country VALUES('Ireland', 0, 0, 0, 0);
INSERT INTO country VALUES('Chile', 0, 0, 0, 0);
INSERT INTO country VALUES('Denmark', 0, 0, 0, 0);
INSERT INTO country VALUES('Armenia', 0, 0, 0, 0);
INSERT INTO country VALUES('Tanzania', 0, 0, 0, 0);
INSERT INTO country VALUES('Cuba', 0, 0, 0, 0);
INSERT INTO country VALUES('Zimbabwe', 0, 0, 0, 0);
INSERT INTO country VALUES('Tajikistan', 0, 0, 0, 0);
INSERT INTO country VALUES('El Salvador', 0, 0, 0, 0);
INSERT INTO country VALUES('Japan', 0, 0, 0, 0);
INSERT INTO country VALUES('Egypt', 0, 0, 0, 0);
INSERT INTO country VALUES('Malaysia', 0, 0, 0, 0);
INSERT INTO country VALUES('Philippines', 0, 0, 0, 0);
INSERT INTO country VALUES('Iraq', 0, 0, 0, 0);
INSERT INTO country VALUES('Burkina Faso', 0, 0, 0, 0);
INSERT INTO country VALUES('Thailand', 0, 0, 0, 0);
INSERT INTO country VALUES('Mozambique', 0, 0, 0, 0);
INSERT INTO country VALUES('Venezuela', 0, 0, 0, 0);
INSERT INTO country VALUES('Male', 0, 0, 0, 0);
INSERT INTO country VALUES('Ivory Coast', 0, 0, 0, 0);
INSERT INTO country VALUES('Myanmar', 0, 0, 0, 0);
INSERT INTO country VALUES('Bolivia', 0, 0, 0, 0);
INSERT INTO country VALUES('Cayman Islands', 0, 0, 0, 0);
INSERT INTO country VALUES('Angola', 0, 0, 0, 0);
INSERT INTO country VALUES('Bulgaria', 0, 0, 0, 0);
INSERT INTO country VALUES('Albania', 0, 0, 0, 0);
INSERT INTO country VALUES('Madagascar', 0, 0, 0, 0);
INSERT INTO country VALUES('Panama', 0, 0, 0, 0);
INSERT INTO country VALUES('Mongolia', 0, 0, 0, 0);
INSERT INTO country VALUES('Bhutan', 0, 0, 0, 0);
INSERT INTO country VALUES('Croatia', 0, 0, 0, 0);
INSERT INTO country VALUES('United Kingdom', 0, 0, 0, 0);
INSERT INTO country VALUES('Vietnam', 0, 0, 0, 0);
INSERT INTO country VALUES('Montenegro', 0, 0, 0, 0);
INSERT INTO country VALUES('New Caledonia', 0, 0, 0, 0);
INSERT INTO country VALUES('Mexico', 0, 0, 0, 0);
INSERT INTO country VALUES('Libya', 0, 0, 0, 0);
INSERT INTO country VALUES('Macedonia', 0, 0, 0, 0);
INSERT INTO country VALUES('Serbia', 0, 0, 0, 0);
INSERT INTO country VALUES('Sweden', 0, 0, 0, 0);
INSERT INTO country VALUES('United States', 0, 0, 0, 0);
INSERT INTO country VALUES('South Africa', 0, 0, 0, 0);
INSERT INTO country VALUES('Kosovo', 0, 0, 0, 0);
INSERT INTO country VALUES('Botswana', 0, 0, 0, 0);
INSERT INTO country VALUES('China', 0, 0, 0, 0);
INSERT INTO country VALUES('Brazil', 0, 0, 0, 0);
INSERT INTO country VALUES('Ethiopia', 0, 0, 0, 0);
INSERT INTO country VALUES('Belarus', 0, 0, 0, 0);
INSERT INTO country VALUES('Luxembourg', 0, 0, 0, 0);
INSERT INTO country VALUES('Portugal', 0, 0, 0, 0);
INSERT INTO country VALUES('Poland', 0, 0, 0, 0);
INSERT INTO country VALUES('Russia', 0, 0, 0, 0);
INSERT INTO country VALUES('Syria', 0, 0, 0, 0);
INSERT INTO country VALUES('Saudi Arabia', 0, 0, 0, 0);
INSERT INTO country VALUES('Afghanistan', 0, 0, 0, 0);
INSERT INTO country VALUES('Finland', 0, 0, 0, 0);
INSERT INTO country VALUES('Netherlands', 0, 0, 0, 0);
INSERT INTO country VALUES('Honduras', 0, 0, 0, 0);
INSERT INTO country VALUES('Turkmenistan', 0, 0, 0, 0);
INSERT INTO country VALUES('Colombia', 0, 0, 0, 0);
INSERT INTO country VALUES('Qatar', 0, 0, 0, 0);
INSERT INTO country VALUES('Bosnia and Herzegovina', 0, 0, 0, 0);
INSERT INTO country VALUES('France', 0, 0, 0, 0);
INSERT INTO country VALUES('Yemen', 0, 0, 0, 0);
INSERT INTO country VALUES('Czech Republic', 0, 0, 0, 0);
INSERT INTO country VALUES('Greece', 0, 0, 0, 0);
INSERT INTO country VALUES('Indonesia', 0, 0, 0, 0);


insert into  player values (1, 'Diego Gallaher', 'Male', 'China', 0, 0, 0);
insert into  player values (2, 'Ofella Palmby', 'Female', 'Philippines', 0, 0, 0);
insert into  player values (3, 'Micheline Curmi', 'Female', 'Syria', 0, 0, 0);
insert into  player values (4, 'Dynah De Andisie', 'Female', 'Russia', 0, 0, 0);
insert into  player values (5, 'Dal Lots', 'Male', 'Portugal', 0, 0, 0);
insert into  player values (6, 'Ethelda Camacke', 'Female', 'Indonesia', 0, 0, 0);
insert into  player values (7, 'Cyril Ehrat', 'Male', 'France', 0, 0, 0);
insert into  player values (8, 'Roger Stelfax', 'Male', 'Portugal', 0, 0, 0);
insert into  player values (9, 'Jabez McMaster', 'Male', 'Ireland', 0, 0, 0);
insert into  player values (10, 'Adrianna Tremberth', 'Female', 'Russia', 0, 0, 0);
insert into  player values (11, 'Judie Rammell', 'Female', 'Indonesia', 0, 0, 0);
insert into  player values (12, 'Brooke Gaw', 'Male', 'Czech Republic', 0, 0, 0);
insert into  player values (13, 'Allsun Scimone', 'Female', 'Philippines', 0, 0, 0);
insert into  player values (14, 'Pamela Laye', 'Female', 'Philippines', 0, 0, 0);
insert into  player values (15, 'Ranee Trott', 'Female', 'Argentina', 0, 0, 0);
insert into  player values (16, 'Lisle Abramski', 'Male', 'Iraq', 0, 0, 0);
insert into  player values (17, 'Cheryl Bick', 'Female', 'Indonesia', 0, 0, 0);
insert into  player values (18, 'Noby Spriggs', 'Male', 'Macedonia', 0, 0, 0);
insert into  player values (19, 'Schuyler Weston', 'Male', 'Tanzania', 0, 0, 0);
insert into  player values (20, 'Horton Ongin', 'Male', 'China', 0, 0, 0);
insert into  player values (21, 'Carolyn Goodliff', 'Female', 'Pakistan', 0, 0, 0);
insert into  player values (22, 'Geri Barnfather', 'Female', 'Serbia', 0, 0, 0);
insert into  player values (23, 'Gearard Mote', 'Male', 'Chile', 0, 0, 0);
insert into  player values (24, 'Sheffield Murrigans', 'Male', 'Sweden', 0, 0, 0);
insert into  player values (25, 'Saunder Olivo', 'Male', 'El Salvador', 0, 0, 0);
insert into  player values (26, 'Willamina Lequeux', 'Female', 'Canada', 0, 0, 0);
insert into  player values (27, 'Eduard Fessier', 'Male', 'Portugal', 0, 0, 0);
insert into  player values (28, 'Clywd Follacaro', 'Male', 'Japan', 0, 0, 0);
insert into  player values (29, 'Arnuad Tran', 'Male', 'France', 0, 0, 0);
insert into  player values (30, 'Bartlett Freiberg', 'Male', 'Poland', 0, 0, 0);
insert into  player values (31, 'Alyssa Sousa', 'Female', 'Tajikistan', 0, 0, 0);
insert into  player values (32, 'Lenci Kurth', 'Male', 'Ivory Coast', 0, 0, 0);
insert into  player values (33, 'Jojo Thomesson', 'Female', 'Honduras', 0, 0, 0);
insert into  player values (34, 'Brittney Sowood', 'Female', 'Peru', 0, 0, 0);
insert into  player values (35, 'Pavia Ahlf', 'Female', 'Russia', 0, 0, 0);
insert into  player values (36, 'Dennie Conerding', 'Female', 'Nigeria', 0, 0, 0);
insert into  player values (37, 'Maribel Wenn', 'Female', 'Indonesia', 0, 0, 0);
insert into  player values (38, 'Starr Creffield', 'Female', 'Japan', 0, 0, 0);
insert into  player values (39, 'Drucie Crow', 'Female', 'France', 0, 0, 0);
insert into  player values (40, 'Jamill Limmer', 'Male', 'Brazil', 0, 0, 0);
insert into  player values (41, 'Dulce Kollaschek', 'Female', 'China', 0, 0, 0);
insert into  player values (42, 'Wayland Murfett', 'Male', 'China', 0, 0, 0);
insert into  player values (43, 'Forbes Wrought', 'Male', 'Nigeria', 0, 0, 0);
insert into  player values (44, 'Roland Foulstone', 'Male', 'Peru', 0, 0, 0);
insert into  player values (45, 'Loreen Dudney', 'Female', 'Indonesia', 0, 0, 0);
insert into  player values (46, 'Dorey Norgan', 'Male', 'Australia', 0, 0, 0);
insert into  player values (47, 'Everett Riddock', 'Male', 'China', 0, 0, 0);
insert into  player values (48, 'Chandra Brevetor', 'Female', 'Russia', 0, 0, 0);
insert into  player values (49, 'Krissie Stapylton', 'Female', 'Philippines', 0, 0, 0);
insert into  player values (50, 'Win Proudlock', 'Male', 'Poland', 0, 0, 0);
insert into  player values (51, 'Giffy Lago', 'Male', 'Ukraine', 0, 0, 0);
insert into  player values (52, 'Edgar Bonson', 'Male', 'Russia', 0, 0, 0);
insert into  player values (53, 'Der de Keyser', 'Male', 'Denmark', 0, 0, 0);
insert into  player values (54, 'Findlay Aspy', 'Male', 'China', 0, 0, 0);
insert into  player values (55, 'Collette MacAlpin', 'Female', 'Czech Republic', 0, 0, 0);
insert into  player values (56, 'Irwinn Dewett', 'Male', 'Indonesia', 0, 0, 0);
insert into  player values (57, 'Titos Woller', 'Male', 'Philippines', 0, 0, 0);
insert into  player values (58, 'Odelinda Spurr', 'Female', 'Philippines', 0, 0, 0);
insert into  player values (59, 'Marco Jennison', 'Male', 'Tanzania', 0, 0, 0);
insert into  player values (60, 'Jolene LeEstut', 'Female', 'China', 0, 0, 0);
insert into  player values (61, 'Ellwood Pinnijar', 'Male', 'Russia', 0, 0, 0);
insert into  player values (62, 'Sarge Deeks', 'Male', 'Russia', 0, 0, 0);
insert into  player values (63, 'Janna Huniwall', 'Female', 'Czech Republic', 0, 0, 0);
insert into  player values (64, 'Sholom Vipan', 'Male', 'China', 0, 0, 0);
insert into  player values (65, 'Hadlee McNeilley', 'Male', 'Brazil', 0, 0, 0);
insert into  player values (66, 'Rahal Jahnig', 'Female', 'Nigeria', 0, 0, 0);
insert into  player values (67, 'Waldo Oulett', 'Male', 'Libya', 0, 0, 0);
insert into  player values (68, 'Teresita Filer', 'Female', 'Saudi Arabia', 0, 0, 0);
insert into  player values (69, 'Alan Ferens', 'Male', 'Japan', 0, 0, 0);
insert into  player values (70, 'Mufi Piercey', 'Female', 'Indonesia', 0, 0, 0);
insert into  player values (71, 'Eddy Dyerson', 'Male', 'United States', 0, 0, 0);
insert into  player values (72, 'Ericka Cooling', 'Female', 'Indonesia', 0, 0, 0);
insert into  player values (73, 'Opal Taye', 'Female', 'United States', 0, 0, 0);
insert into  player values (74, 'Dede Bernardino', 'Female', 'China', 0, 0, 0);
insert into  player values (75, 'Beverley Meddemmen', 'Female', 'Philippines', 0, 0, 0);
insert into  player values (76, 'Kat Trapp', 'Female', 'Philippines', 0, 0, 0);
insert into  player values (77, 'Teddie Mulqueeny', 'Female', 'Honduras', 0, 0, 0);
insert into  player values (78, 'Claudian Ladewig', 'Male', 'Finland', 0, 0, 0);
insert into  player values (79, 'Griffie Orton', 'Male', 'Indonesia', 0, 0, 0);
insert into  player values (80, 'Gardie Hosten', 'Male', 'Philippines', 0, 0, 0);
insert into  player values (81, 'Linnea Carse', 'Female', 'United States', 0, 0, 0);
insert into  player values (82, 'Joaquin Gomby', 'Male', 'Czech Republic', 0, 0, 0);
insert into  player values (83, 'Osgood Chimenti', 'Male', 'Canada', 0, 0, 0);
insert into  player values (84, 'Jake Liversley', 'Male', 'United States', 0, 0, 0);
insert into  player values (85, 'Bertrando Perin', 'Male', 'Philippines', 0, 0, 0);
insert into  player values (86, 'Berkly Spry', 'Male', 'Philippines', 0, 0, 0);
insert into  player values (87, 'Porter Hannaby', 'Male', 'Mozambique', 0, 0, 0);
insert into  player values (88, 'Lorita Paynter', 'Female', 'Indonesia', 0, 0, 0);
insert into  player values (89, 'Fredi Filson', 'Female', 'Madagascar', 0, 0, 0);
insert into  player values (90, 'Jayne Witheridge', 'Female', 'Russia', 0, 0, 0);
insert into  player values (91, 'Daria Birkett', 'Female', 'Portugal', 0, 0, 0);
insert into  player values (92, 'Jeanette Glason', 'Female', 'Indonesia', 0, 0, 0);
insert into  player values (93, 'Papagena Pitney', 'Female', 'China', 0, 0, 0);
insert into  player values (94, 'Reece Maurice', 'Male', 'Panama', 0, 0, 0);
insert into  player values (95, 'Heall Colloby', 'Male', 'Czech Republic', 0, 0, 0);
insert into  player values (96, 'Doro Artus', 'Female', 'Indonesia', 0, 0, 0);
insert into  player values (97, 'Muriel Nisco', 'Female', 'China', 0, 0, 0);
insert into  player values (98, 'Mose Runnacles', 'Male', 'Vietnam', 0, 0, 0);
insert into  player values (99, 'Eleonora Blaxeland', 'Female', 'Philippines', 0, 0, 0);
insert into  player values (100, 'Gustave Copcutt', 'Male', 'Poland', 0, 0, 0);
insert into  player values (101, 'Barbe Lofty', 'Female', 'Macedonia', 0, 0, 0);
insert into  player values (102, 'Jake Micka', 'Male', 'Russia', 0, 0, 0);
insert into  player values (103, 'Danielle Kikke', 'Female', 'France', 0, 0, 0);
insert into  player values (104, 'Davis Boscher', 'Male', 'Angola', 0, 0, 0);
insert into  player values (105, 'Judah Vaz', 'Male', 'China', 0, 0, 0);
insert into  player values (106, 'Anneliese McPartlin', 'Female', 'Philippines', 0, 0, 0);
insert into  player values (107, 'Dallon Deporte', 'Male', 'Armenia', 0, 0, 0);
insert into  player values (108, 'Tye McCaw', 'Male', 'Philippines', 0, 0, 0);
insert into  player values (109, 'Stephan Mabbot', 'Male', 'Cuba', 0, 0, 0);
insert into  player values (110, 'Sherill Huxley', 'Female', 'Portugal', 0, 0, 0);
insert into  player values (111, 'Dugald Lane', 'Male', 'France', 0, 0, 0);
insert into  player values (112, 'Jae Rivaland', 'Male', 'Yemen', 0, 0, 0);
insert into  player values (113, 'Carlita Friese', 'Female', 'China', 0, 0, 0);
insert into  player values (114, 'Joelynn Blaik', 'Female', 'China', 0, 0, 0);
insert into  player values (115, 'Corty Guiel', 'Male', 'Venezuela', 0, 0, 0);
insert into  player values (116, 'Rossy Bouch', 'Male', 'Indonesia', 0, 0, 0);
insert into  player values (117, 'Flory Aseef', 'Male', 'United States', 0, 0, 0);
insert into  player values (118, 'Jeth Sapsford', 'Male', 'Indonesia', 0, 0, 0);
insert into  player values (119, 'Marshall Rotte', 'Male', 'Russia', 0, 0, 0);
insert into  player values (120, 'Keven Torbeck', 'Male', 'Indonesia', 0, 0, 0);
insert into  player values (121, 'Jabez Swanson', 'Male', 'China', 0, 0, 0);
insert into  player values (122, 'Aprilette Repper', 'Female', 'Sweden', 0, 0, 0);
insert into  player values (123, 'Richmound Testo', 'Male', 'Mexico', 0, 0, 0);
insert into  player values (124, 'Johnath Barts', 'Female', 'China', 0, 0, 0);
insert into  player values (125, 'Karoly Duckitt', 'Female', 'South Africa', 0, 0, 0);
insert into  player values (126, 'Stirling McCurley', 'Male', 'Indonesia', 0, 0, 0);
insert into  player values (127, 'Man Matthis', 'Male', 'Turkmenistan', 0, 0, 0);
insert into  player values (128, 'Gibbie Parkisson', 'Male', 'Kosovo', 0, 0, 0);
insert into  player values (129, 'Dita Vittle', 'Female', 'Poland', 0, 0, 0);
insert into  player values (130, 'Nevin McNeil', 'Male', 'China', 0, 0, 0);
insert into  player values (131, 'Valaree Woolliams', 'Female', 'Bolivia', 0, 0, 0);
insert into  player values (132, 'Shoshana Watting', 'Female', 'Indonesia', 0, 0, 0);
insert into  player values (133, 'Zola Downage', 'Female', 'Portugal', 0, 0, 0);
insert into  player values (134, 'Ferne Allibon', 'Female', 'France', 0, 0, 0);
insert into  player values (135, 'Aristotle Hillum', 'Male', 'Netherlands', 0, 0, 0);
insert into  player values (136, 'Padriac Koppes', 'Male', 'Indonesia', 0, 0, 0);
insert into  player values (137, 'Stormi Magovern', 'Female', 'Botswana', 0, 0, 0);
insert into  player values (138, 'Renault Gaynesford', 'Male', 'Denmark', 0, 0, 0);
insert into  player values (139, 'Gasper Aleswell', 'Male', 'Honduras', 0, 0, 0);
insert into  player values (140, 'Kellen Pope', 'Female', 'China', 0, 0, 0);
insert into  player values (141, 'Paula Meedendorpe', 'Female', 'China', 0, 0, 0);
insert into  player values (142, 'Donall Charlson', 'Male', 'Angola', 0, 0, 0);
insert into  player values (143, 'Joelie Lamey', 'Female', 'Zimbabwe', 0, 0, 0);
insert into  player values (144, 'Mersey McInnerny', 'Female', 'Croatia', 0, 0, 0);
insert into  player values (145, 'Willette Racher', 'Female', 'Russia', 0, 0, 0);
insert into  player values (146, 'Laetitia Duxfield', 'Female', 'China', 0, 0, 0);
insert into  player values (147, 'Shena Oswell', 'Female', 'Russia', 0, 0, 0);
insert into  player values (148, 'Camile Bosley', 'Female', 'Russia', 0, 0, 0);
insert into  player values (149, 'Kathleen Ludye', 'Female', 'Ukraine', 0, 0, 0);
insert into  player values (150, 'Sigvard Cino', 'Male', 'Russia', 0, 0, 0);
insert into  player values (151, 'Arvie Bischof', 'Male', 'China', 0, 0, 0);
insert into  player values (152, 'Tyrone Glenny', 'Male', 'China', 0, 0, 0);
insert into  player values (153, 'Cinda Witherow', 'Female', 'Ukraine', 0, 0, 0);
insert into  player values (154, 'Georgena Denge', 'Female', 'Isle of Man', 0, 0, 0);
insert into  player values (155, 'Iolanthe Petrichat', 'Female', 'Russia', 0, 0, 0);
insert into  player values (156, 'Cecilio Fairebrother', 'Male', 'Canada', 0, 0, 0);
insert into  player values (157, 'Spence Burkman', 'Male', 'China', 0, 0, 0);
insert into  player values (158, 'Avrit Burnet', 'Female', 'Croatia', 0, 0, 0);
insert into  player values (159, 'Val Arendt', 'Male', 'Indonesia', 0, 0, 0);
insert into  player values (160, 'Thatch Folk', 'Male', 'Netherlands', 0, 0, 0);
insert into  player values (161, 'Vern Byrom', 'Male', 'Ukraine', 0, 0, 0);
insert into  player values (162, 'Arleen Shoard', 'Female', 'Argentina', 0, 0, 0);
insert into  player values (163, 'Brenda Jone', 'Female', 'Indonesia', 0, 0, 0);
insert into  player values (164, 'Stanly Kirckman', 'Male', 'Nigeria', 0, 0, 0);
insert into  player values (165, 'Hugo Quirk', 'Male', 'China', 0, 0, 0);
insert into  player values (166, 'Kathleen Seakings', 'Female', 'China', 0, 0, 0);
insert into  player values (167, 'Dottie Biggen', 'Female', 'Mongolia', 0, 0, 0);
insert into  player values (168, 'Arni Stuckes', 'Male', 'Bosnia and Herzegovina', 0, 0, 0);
insert into  player values (169, 'Ashbey Dabell', 'Male', 'Panama', 0, 0, 0);
insert into  player values (170, 'Imogene Kield', 'Female', 'Macedonia', 0, 0, 0);
insert into  player values (171, 'Ekaterina Neighbour', 'Female', 'Russia', 0, 0, 0);
insert into  player values (172, 'Domenico Juggins', 'Male', 'Thailand', 0, 0, 0);
insert into  player values (173, 'Honor Shipperbottom', 'Female', 'China', 0, 0, 0);
insert into  player values (174, 'Pyotr O'' Mullane', 'Male', 'Peru', 0, 0, 0);
insert into  player values (175, 'Freeman Griston', 'Male', 'Czech Republic', 0, 0, 0);
insert into  player values (176, 'Joni Hunn', 'Female', 'Vietnam', 0, 0, 0);
insert into  player values (177, 'Job Jory', 'Male', 'China', 0, 0, 0);
insert into  player values (178, 'Marlo Ranby', 'Male', 'Portugal', 0, 0, 0);
insert into  player values (179, 'Robby Dukesbury', 'Male', 'Belarus', 0, 0, 0);
insert into  player values (180, 'Jermayne Piggen', 'Male', 'Canada', 0, 0, 0);
insert into  player values (181, 'Dan McInnerny', 'Male', 'Mongolia', 0, 0, 0);
insert into  player values (182, 'Joelle Sommerland', 'Female', 'Portugal', 0, 0, 0);
insert into  player values (183, 'Erny Farady', 'Male', 'United States', 0, 0, 0);
insert into  player values (184, 'Brad Sands', 'Male', 'Mexico', 0, 0, 0);
insert into  player values (185, 'Angie Dowle', 'Female', 'Iraq', 0, 0, 0);
insert into  player values (186, 'Alan Beardsley', 'Male', 'Russia', 0, 0, 0);
insert into  player values (187, 'Malory Ciccottio', 'Female', 'China', 0, 0, 0);
insert into  player values (188, 'Daryl Adnet', 'Female', 'China', 0, 0, 0);
insert into  player values (189, 'Marietta Caffrey', 'Male', 'China', 0, 0, 0);
insert into  player values (190, 'Magdaia Huchot', 'Female', 'Egypt', 0, 0, 0);
insert into  player values (191, 'Dominga Langfitt', 'Female', 'Portugal', 0, 0, 0);
insert into  player values (192, 'Nettie Crossingham', 'Female', 'China', 0, 0, 0);
insert into  player values (193, 'Wilone Sinfield', 'Female', 'Brazil', 0, 0, 0);
insert into  player values (194, 'Claire Roseby', 'Female', 'China', 0, 0, 0);
insert into  player values (195, 'Hendrika Broadwood', 'Female', 'Peru', 0, 0, 0);
insert into  player values (196, 'Tom Tolworthy', 'Male', 'China', 0, 0, 0);
insert into  player values (197, 'Shawnee Banisch', 'Female', 'Philippines', 0, 0, 0);
insert into  player values (198, 'Kelci Wiltshier', 'Female', 'Sweden', 0, 0, 0);
insert into  player values (199, 'Lorette Tyson', 'Female', 'China', 0, 0, 0);
insert into  player values (200, 'Cherie Daviot', 'Female', 'China', 0, 0, 0);
insert into  player values (201, 'Gunter MacDonnell', 'Male', 'Sweden', 0, 0, 0);
insert into  player values (202, 'Hermina Jandac', 'Female', 'Czech Republic', 0, 0, 0);
insert into  player values (203, 'Coleman Stelle', 'Male', 'Croatia', 0, 0, 0);
insert into  player values (204, 'Garik Castellanos', 'Male', 'Mexico', 0, 0, 0);
insert into  player values (205, 'Claudette Kinnier', 'Female', 'China', 0, 0, 0);
insert into  player values (206, 'Justino Hawes', 'Male', 'Colombia', 0, 0, 0);
insert into  player values (207, 'Averell Greener', 'Male', 'Portugal', 0, 0, 0);
insert into  player values (208, 'Lenci Rowcliffe', 'Male', 'China', 0, 0, 0);
insert into  player values (209, 'Morganica Pretorius', 'Female', 'Greece', 0, 0, 0);
insert into  player values (210, 'Staffard Fewtrell', 'Male', 'Bangladesh', 0, 0, 0);
insert into  player values (211, 'Helsa Groombridge', 'Female', 'Russia', 0, 0, 0);
insert into  player values (212, 'Rosemaria Karran', 'Female', 'Malaysia', 0, 0, 0);
insert into  player values (213, 'Dagmar Plumbridge', 'Female', 'Indonesia', 0, 0, 0);
insert into  player values (214, 'Porter Veevers', 'Male', 'Qatar', 0, 0, 0);
insert into  player values (215, 'Roddy Zavattari', 'Male', 'Ethiopia', 0, 0, 0);
insert into  player values (216, 'Delphinia Nuzzti', 'Female', 'Afghanistan', 0, 0, 0);
insert into  player values (217, 'Osgood Osinin', 'Male', 'Indonesia', 0, 0, 0);
insert into  player values (218, 'Peggi Pandya', 'Female', 'Indonesia', 0, 0, 0);
insert into  player values (219, 'Gardner Tilford', 'Male', 'Luxembourg', 0, 0, 0);
insert into  player values (220, 'Alf Crebbin', 'Male', 'China', 0, 0, 0);
insert into  player values (221, 'Davide Sprey', 'Male', 'Philippines', 0, 0, 0);
insert into  player values (222, 'Valaria Bilbery', 'Female', 'Montenegro', 0, 0, 0);
insert into  player values (223, 'Mollee Deacock', 'Female', 'China', 0, 0, 0);
insert into  player values (224, 'Dena Mosedill', 'Female', 'Philippines', 0, 0, 0);
insert into  player values (225, 'Corly Cockayme', 'Female', 'El Salvador', 0, 0, 0);
insert into  player values (226, 'Marve Spaule', 'Male', 'Poland', 0, 0, 0);
insert into  player values (227, 'Bruno Challicum', 'Male', 'Sweden', 0, 0, 0);
insert into  player values (228, 'Alfonse Plowman', 'Male', 'United Kingdom', 0, 0, 0);
insert into  player values (229, 'Izzy Fugere', 'Male', 'Brazil', 0, 0, 0);
insert into  player values (230, 'Meriel Tongs', 'Female', 'Bosnia and Herzegovina', 0, 0, 0);
insert into  player values (231, 'Ramonda Garfitt', 'Female', 'Indonesia', 0, 0, 0);
insert into  player values (232, 'Cati Rowler', 'Female', 'Netherlands', 0, 0, 0);
insert into  player values (233, 'Kania Waller-Bridge', 'Female', 'Russia', 0, 0, 0);
insert into  player values (234, 'Eli Ambroise', 'Male', 'Bulgaria', 0, 0, 0);
insert into  player values (235, 'Mill Juckes', 'Male', 'China', 0, 0, 0);
insert into  player values (236, 'Jamie Wrintmore', 'Female', 'China', 0, 0, 0);
insert into  player values (237, 'Temple Ravenshaw', 'Male', 'Ukraine', 0, 0, 0);
insert into  player values (238, 'Nicolais Mc Dermid', 'Male', 'Indonesia', 0, 0, 0);
insert into  player values (239, 'Michal Varga', 'Male', 'United States', 0, 0, 0);
insert into  player values (240, 'Loutitia Lambersen', 'Female', 'Indonesia', 0, 0, 0);
insert into  player values (241, 'Jozef Farfoot', 'Male', 'Russia', 0, 0, 0);
insert into  player values (242, 'Wendall Shovelton', 'Male', 'China', 0, 0, 0);
insert into  player values (243, 'Tobit Sedgemore', 'Male', 'China', 0, 0, 0);
insert into  player values (244, 'Ansley Vince', 'Female', 'Vietnam', 0, 0, 0);
insert into  player values (245, 'Jessi Locket', 'Female', 'China', 0, 0, 0);
insert into  player values (246, 'Broddy Scoffins', 'Male', 'United States', 0, 0, 0);
insert into  player values (247, 'Kaine Brunotti', 'Male', 'Croatia', 0, 0, 0);
insert into  player values (248, 'Cesar Gainsborough', 'Male', 'Ivory Coast', 0, 0, 0);
insert into  player values (249, 'Sidonnie Litherborough', 'Female', 'Indonesia', 0, 0, 0);
insert into  player values (250, 'Jilleen Heinzler', 'Female', 'Portugal', 0, 0, 0);
insert into  player values (251, 'Fergus Jeram', 'Male', 'Indonesia', 0, 0, 0);
insert into  player values (252, 'Ax Leadley', 'Male', 'Indonesia', 0, 0, 0);
insert into  player values (253, 'Ellissa Robberecht', 'Female', 'Ukraine', 0, 0, 0);
insert into  player values (254, 'Paddie Kamena', 'Male', 'Portugal', 0, 0, 0);
insert into  player values (255, 'Alejoa Gullick', 'Male', 'Portugal', 0, 0, 0);
insert into  player values (256, 'Arly Lahy', 'Female', 'China', 0, 0, 0);
insert into  player values (257, 'Chad Musslewhite', 'Female', 'Czech Republic', 0, 0, 0);
insert into  player values (258, 'Bartel Julyan', 'Male', 'Iraq', 0, 0, 0);
insert into  player values (259, 'Gilda Taw', 'Female', 'China', 0, 0, 0);
insert into  player values (260, 'Sandor Dennett', 'Male', 'Greece', 0, 0, 0);
insert into  player values (261, 'Rivkah Molineaux', 'Female', 'Argentina', 0, 0, 0);
insert into  player values (262, 'Kariotta Barnish', 'Female', 'Slovenia', 0, 0, 0);
insert into  player values (263, 'Solly Bowmen', 'Male', 'Portugal', 0, 0, 0);
insert into  player values (264, 'Elli Fiddyment', 'Female', 'Poland', 0, 0, 0);
insert into  player values (265, 'Aili Stranks', 'Female', 'France', 0, 0, 0);
insert into  player values (266, 'Kimbell Barbara', 'Male', 'China', 0, 0, 0);
insert into  player values (267, 'Euell Mounsie', 'Male', 'El Salvador', 0, 0, 0);
insert into  player values (268, 'Roman Whitworth', 'Male', 'Bhutan', 0, 0, 0);
insert into  player values (269, 'Lucais Milner', 'Male', 'New Caledonia', 0, 0, 0);
insert into  player values (270, 'Beth Reddin', 'Female', 'Ukraine', 0, 0, 0);
insert into  player values (271, 'Nathalie Skepper', 'Female', 'Iran', 0, 0, 0);
insert into  player values (272, 'Valaree Stolting', 'Female', 'Russia', 0, 0, 0);
insert into  player values (273, 'Aleta Stennes', 'Female', 'Brazil', 0, 0, 0);
insert into  player values (274, 'Marji MacKonochie', 'Female', 'Indonesia', 0, 0, 0);
insert into  player values (275, 'Karrie Everall', 'Female', 'Indonesia', 0, 0, 0);
insert into  player values (276, 'Matty McKilroe', 'Male', 'Mexico', 0, 0, 0);
insert into  player values (277, 'Abbe Howe', 'Male', 'Thailand', 0, 0, 0);
insert into  player values (278, 'Jillie Burden', 'Female', 'Burkina Faso', 0, 0, 0);
insert into  player values (279, 'Margette Rummer', 'Female', 'Russia', 0, 0, 0);
insert into  player values (280, 'Creighton Mackison', 'Male', 'Brazil', 0, 0, 0);
insert into  player values (281, 'Vonnie Lafrentz', 'Female', 'China', 0, 0, 0);
insert into  player values (282, 'Ailina Guilaem', 'Female', 'Finland', 0, 0, 0);
insert into  player values (283, 'Ilyssa Mercey', 'Female', 'Israel', 0, 0, 0);
insert into  player values (284, 'Misha Delve', 'Female', 'Albania', 0, 0, 0);
insert into  player values (285, 'Mischa Tatton', 'Male', 'Japan', 0, 0, 0);
insert into  player values (286, 'Arin Sedworth', 'Male', 'Cayman Islands', 0, 0, 0);
insert into  player values (287, 'Myrvyn Ayton', 'Male', 'Indonesia', 0, 0, 0);
insert into  player values (288, 'Sebastiano Tease', 'Male', 'China', 0, 0, 0);
insert into  player values (289, 'Les Haldenby', 'Male', 'Argentina', 0, 0, 0);
insert into  player values (290, 'Arnaldo Twiname', 'Male', 'Portugal', 0, 0, 0);
insert into  player values (291, 'Ag Woodyear', 'Female', 'Sweden', 0, 0, 0);
insert into  player values (292, 'Alexa Gulc', 'Female', 'Sweden', 0, 0, 0);
insert into  player values (293, 'Doreen Domingues', 'Female', 'Philippines', 0, 0, 0);
insert into  player values (294, 'Janeen Ratnage', 'Female', 'Indonesia', 0, 0, 0);
insert into  player values (295, 'Hugo Donizeau', 'Male', 'Philippines', 0, 0, 0);
insert into  player values (296, 'Louis Gilbart', 'Male', 'Vietnam', 0, 0, 0);
insert into  player values (297, 'Tedmund McGougan', 'Male', 'China', 0, 0, 0);
insert into  player values (298, 'Celinka Sugars', 'Female', 'China', 0, 0, 0);
insert into  player values (299, 'Jyoti Backshill', 'Female', 'Myanmar', 0, 0, 0);
insert into  player values (300, 'Anabelle Langcaster', 'Female', 'China', 0, 0, 0);


INSERT INTO sports VALUES(1,'Swimming', 'Backstroke', 100, 'Single','male');
INSERT INTO sports VALUES(2,'Swimming', 'Breaststroke', 100, 'Single','male');
INSERT INTO sports VALUES(3,'Swimming', 'Butterfly', 100, 'Single','male');
INSERT INTO sports VALUES(4,'Swimming', 'Freestyle', 100, 'Single','male');
INSERT INTO sports VALUES(5,'Swimming', 'Backstroke', 100, 'Single','female');
INSERT INTO sports VALUES(6,'Swimming', 'Breaststroke', 100, 'Single','female');
INSERT INTO sports VALUES(7,'Swimming', 'Butterfly', 100, 'Single','female');
INSERT INTO sports VALUES(8,'Swimming', 'Freestyle', 100, 'Single','female');

INSERT INTO sports VALUES(9,'Swimming', 'Backstroke', 200, 'Single','male');
INSERT INTO sports VALUES(10,'Swimming', 'Breaststroke', 200, 'Single','male');
INSERT INTO sports VALUES(11,'Swimming', 'Butterfly', 200, 'Single','male');
INSERT INTO sports VALUES(12,'Swimming', 'Freestyle', 200, 'Single','male');
INSERT INTO sports VALUES(13,'Swimming', 'Backstroke', 200, 'Single','female');
INSERT INTO sports VALUES(14,'Swimming', 'Breaststroke', 200, 'Single','female');
INSERT INTO sports VALUES(15,'Swimming', 'Butterfly', 200, 'Single','female');
INSERT INTO sports VALUES(16,'Swimming', 'Freestyle', 200, 'Single','female');

INSERT INTO sports VALUES(17,'Athletics', 'Running', 100, 'Single','female');
INSERT INTO sports VALUES(18,'Athletics', 'Running', 200, 'Single','female');
INSERT INTO sports VALUES(19,'Athletics', 'Running', 400, 'Single','female');
INSERT INTO sports VALUES(20,'Athletics', 'Running', 800, 'Single','female');
INSERT INTO sports VALUES(21,'Athletics', 'Running', 100, 'Single','male');
INSERT INTO sports VALUES(22,'Athletics', 'Running', 200, 'Single','male');
INSERT INTO sports VALUES(23,'Athletics', 'Running', 400, 'Single','male');
INSERT INTO sports VALUES(24,'Athletics', 'Running', 800, 'Single','male');

INSERT INTO sports VALUES(25,'Athletics', 'Relay Running', 400, 'Team','female');


INSERT INTO matches VALUES(0, 'semi-final', 'Water Cube', '2008-08-10', 1);
INSERT INTO matches VALUES(1, 'semi-final', 'Water Cube', '2008-08-10', 1);
INSERT INTO matches VALUES(2, 'final', 'Water Cube', '2008-08-12', 1);
INSERT INTO matches VALUES(3, 'semi-final', 'Water Cube', '2008-08-10', 2);
INSERT INTO matches VALUES(4, 'semi-final', 'Water Cube', '2008-08-10', 2);
INSERT INTO matches VALUES(5, 'final', 'Water Cube', '2008-08-12', 2);
INSERT INTO matches VALUES(6, 'semi-final', 'Water Cube', '2008-08-10', 3);
INSERT INTO matches VALUES(7, 'semi-final', 'Water Cube', '2008-08-10', 3);
INSERT INTO matches VALUES(8, 'final', 'Water Cube', '2008-08-12', 3);
INSERT INTO matches VALUES(9, 'semi-final', 'Water Cube', '2008-08-10', 4);
INSERT INTO matches VALUES(10, 'semi-final', 'Water Cube', '2008-08-10', 4);
INSERT INTO matches VALUES(11, 'final', 'Water Cube', '2008-08-12', 4);
INSERT INTO matches VALUES(12, 'semi-final', 'Water Cube', '2008-08-10', 5);
INSERT INTO matches VALUES(13, 'semi-final', 'Water Cube', '2008-08-10', 5);
INSERT INTO matches VALUES(14, 'final', 'Water Cube', '2008-08-12', 5);
INSERT INTO matches VALUES(15, 'semi-final', 'Water Cube', '2008-08-10', 6);
INSERT INTO matches VALUES(16, 'semi-final', 'Water Cube', '2008-08-10', 6);
INSERT INTO matches VALUES(17, 'final', 'Water Cube', '2008-08-12', 6);
INSERT INTO matches VALUES(18, 'semi-final', 'Water Cube', '2008-08-10', 7);
INSERT INTO matches VALUES(19, 'semi-final', 'Water Cube', '2008-08-10', 7);
INSERT INTO matches VALUES(20, 'final', 'Water Cube', '2008-08-12', 7);
INSERT INTO matches VALUES(21, 'semi-final', 'Water Cube', '2008-08-10', 8);
INSERT INTO matches VALUES(22, 'semi-final', 'Water Cube', '2008-08-10', 8);
INSERT INTO matches VALUES(23, 'final', 'Water Cube', '2008-08-12', 8);
INSERT INTO matches VALUES(24, 'semi-final', 'Water Cube', '2008-08-10', 9);
INSERT INTO matches VALUES(25, 'semi-final', 'Water Cube', '2008-08-10', 9);
INSERT INTO matches VALUES(26, 'final', 'Water Cube', '2008-08-12', 9);
INSERT INTO matches VALUES(27, 'semi-final', 'Water Cube', '2008-08-10', 10);
INSERT INTO matches VALUES(28, 'semi-final', 'Water Cube', '2008-08-10', 10);
INSERT INTO matches VALUES(29, 'final', 'Water Cube', '2008-08-12', 10);
INSERT INTO matches VALUES(30, 'semi-final', 'Water Cube', '2008-08-10', 11);
INSERT INTO matches VALUES(31, 'semi-final', 'Water Cube', '2008-08-10', 11);
INSERT INTO matches VALUES(32, 'final', 'Water Cube', '2008-08-12', 11);
INSERT INTO matches VALUES(33, 'semi-final', 'Water Cube', '2008-08-10', 12);
INSERT INTO matches VALUES(34, 'semi-final', 'Water Cube', '2008-08-10', 12);
INSERT INTO matches VALUES(35, 'final', 'Water Cube', '2008-08-12', 12);
INSERT INTO matches VALUES(36, 'semi-final', 'Water Cube', '2008-08-10', 13);
INSERT INTO matches VALUES(37, 'semi-final', 'Water Cube', '2008-08-10', 13);
INSERT INTO matches VALUES(38, 'final', 'Water Cube', '2008-08-12', 13);
INSERT INTO matches VALUES(39, 'semi-final', 'Water Cube', '2008-08-10', 14);
INSERT INTO matches VALUES(40, 'semi-final', 'Water Cube', '2008-08-10', 14);
INSERT INTO matches VALUES(41, 'final', 'Water Cube', '2008-08-12', 14);
INSERT INTO matches VALUES(42, 'semi-final', 'Water Cube', '2008-08-10', 15);
INSERT INTO matches VALUES(43, 'semi-final', 'Water Cube', '2008-08-10', 15);
INSERT INTO matches VALUES(44, 'final', 'Water Cube', '2008-08-12', 15);
INSERT INTO matches VALUES(45, 'semi-final', 'Water Cube', '2008-08-10', 16);
INSERT INTO matches VALUES(46, 'semi-final', 'Water Cube', '2008-08-10', 16);
INSERT INTO matches VALUES(47, 'final', 'Water Cube', '2008-08-12', 16);
INSERT INTO matches VALUES(48, 'semi-final', 'National Statium', '2008-08-10', 17);
INSERT INTO matches VALUES(49, 'semi-final', 'National Statium', '2008-08-10', 17);
INSERT INTO matches VALUES(50, 'final', 'National Statium', '2008-08-12', 17);
INSERT INTO matches VALUES(51, 'semi-final', 'National Statium', '2008-08-10', 18);
INSERT INTO matches VALUES(52, 'semi-final', 'National Statium', '2008-08-10', 18);
INSERT INTO matches VALUES(53, 'final', 'National Statium', '2008-08-12', 18);
INSERT INTO matches VALUES(54, 'semi-final', 'National Statium', '2008-08-10', 19);
INSERT INTO matches VALUES(55, 'semi-final', 'National Statium', '2008-08-10', 19);
INSERT INTO matches VALUES(56, 'final', 'National Statium', '2008-08-12', 19);
INSERT INTO matches VALUES(57, 'semi-final', 'National Statium', '2008-08-10', 20);
INSERT INTO matches VALUES(58, 'semi-final', 'National Statium', '2008-08-10', 20);
INSERT INTO matches VALUES(59, 'final', 'National Statium', '2008-08-12', 20);
INSERT INTO matches VALUES(60, 'semi-final', 'National Statium', '2008-08-10', 21);
INSERT INTO matches VALUES(61, 'semi-final', 'National Statium', '2008-08-10', 21);
INSERT INTO matches VALUES(62, 'final', 'National Statium', '2008-08-12', 21);
INSERT INTO matches VALUES(63, 'semi-final', 'National Statium', '2008-08-10', 22);
INSERT INTO matches VALUES(64, 'semi-final', 'National Statium', '2008-08-10', 22);
INSERT INTO matches VALUES(65, 'final', 'National Statium', '2008-08-12', 22);
INSERT INTO matches VALUES(66, 'semi-final', 'National Statium', '2008-08-10', 23);
INSERT INTO matches VALUES(67, 'semi-final', 'National Statium', '2008-08-10', 23);
INSERT INTO matches VALUES(68, 'final', 'National Statium', '2008-08-12', 23);
INSERT INTO matches VALUES(69, 'semi-final', 'National Statium', '2008-08-10', 24);
INSERT INTO matches VALUES(70, 'semi-final', 'National Statium', '2008-08-10', 24);
INSERT INTO matches VALUES(71, 'final', 'National Statium', '2008-08-12', 24);
INSERT INTO matches VALUES(72, 'semi-final', 'National Statium', '2008-08-10', 25);
INSERT INTO matches VALUES(73, 'semi-final', 'National Statium', '2008-08-10', 25);
INSERT INTO matches VALUES(74, 'final', 'National Statium', '2008-08-12', 25);


INSERT INTO participate VALUES(1, 1, '17.03 s', 1, 'gold');
INSERT INTO participate VALUES(3, 1, '17.13 s', 2, 'silver');
INSERT INTO participate VALUES(5, 1, '17.23 s', 3, 'bronze');
INSERT INTO participate VALUES(7, 1, '17.33 s', 4, null);


INSERT INTO spectator VALUES(12,  'David Gilbert');
INSERT INTO spectator VALUES(23,  'Mathieu Vachon');


INSERT INTO ticket VALUES(42, 1, 12, '55f', 50.99);
INSERT INTO ticket VALUES(7, 2, 23, '244A', 249.99);
