INSERT INTO country VALUES('Peru', 0, 0, 0, 0);
INSERT INTO country VALUES('Isle of Man', 0, 0, 0, 0);
INSERT INTO country VALUES('Iran', 0, 0, 0, 0);
INSERT INTO country VALUES('Canada', 0, 0, 0, 0);
INSERT INTO country VALUES('Australia', 0, 0, 0, 0);
INSERT INTO country VALUES('Bangladesh', 0, 0, 0, 0);
INSERT INTO country VALUES('Argentina', 0, 0, 0, 0);
INSERT INTO country VALUES('Nigeria', 0, 0, 0, 0);
INSERT INTO country VALUES('Ukraine', 0, 0, 0, 0);
INSERT INTO country VALUES('Pakistan', 0, 0, 0, 0);
INSERT INTO country VALUES('Slovenia', 0, 0, 0, 0);
INSERT INTO country VALUES('Israel', 0, 0, 0, 0);
INSERT INTO country VALUES('Ireland', 0, 0, 0, 0);
INSERT INTO country VALUES('Chile', 0, 0, 0, 0);
INSERT INTO country VALUES('Denmark', 0, 0, 0, 0);
INSERT INTO country VALUES('Armenia', 0, 0, 0, 0);
INSERT INTO country VALUES('Tanzania', 0, 0, 0, 0);
INSERT INTO country VALUES('Cuba', 0, 0, 0, 0);
INSERT INTO country VALUES('Zimbabwe', 0, 0, 0, 0);
INSERT INTO country VALUES('Tajikistan', 0, 0, 0, 0);
INSERT INTO country VALUES('El Salvador', 0, 0, 0, 0);
INSERT INTO country VALUES('Japan', 0, 0, 0, 0);
INSERT INTO country VALUES('Egypt', 0, 0, 0, 0);
INSERT INTO country VALUES('Malaysia', 0, 0, 0, 0);
INSERT INTO country VALUES('Philippines', 0, 0, 0, 0);
INSERT INTO country VALUES('Iraq', 0, 0, 0, 0);
INSERT INTO country VALUES('Burkina Faso', 0, 0, 0, 0);
INSERT INTO country VALUES('Thailand', 0, 0, 0, 0);
INSERT INTO country VALUES('Mozambique', 0, 0, 0, 0);
INSERT INTO country VALUES('Venezuela', 0, 0, 0, 0);
INSERT INTO country VALUES('Male', 0, 0, 0, 0);
INSERT INTO country VALUES('Ivory Coast', 0, 0, 0, 0);
INSERT INTO country VALUES('Myanmar', 0, 0, 0, 0);
INSERT INTO country VALUES('Bolivia', 0, 0, 0, 0);
INSERT INTO country VALUES('Cayman Islands', 0, 0, 0, 0);
INSERT INTO country VALUES('Angola', 0, 0, 0, 0);
INSERT INTO country VALUES('Bulgaria', 0, 0, 0, 0);
INSERT INTO country VALUES('Albania', 0, 0, 0, 0);
INSERT INTO country VALUES('Madagascar', 0, 0, 0, 0);
INSERT INTO country VALUES('Panama', 0, 0, 0, 0);
INSERT INTO country VALUES('Mongolia', 0, 0, 0, 0);
INSERT INTO country VALUES('Bhutan', 0, 0, 0, 0);
INSERT INTO country VALUES('Croatia', 0, 0, 0, 0);
INSERT INTO country VALUES('United Kingdom', 0, 0, 0, 0);
INSERT INTO country VALUES('Vietnam', 0, 0, 0, 0);
INSERT INTO country VALUES('Montenegro', 0, 0, 0, 0);
INSERT INTO country VALUES('New Caledonia', 0, 0, 0, 0);
INSERT INTO country VALUES('Mexico', 0, 0, 0, 0);
INSERT INTO country VALUES('Libya', 0, 0, 0, 0);
INSERT INTO country VALUES('Macedonia', 0, 0, 0, 0);
INSERT INTO country VALUES('Serbia', 0, 0, 0, 0);
INSERT INTO country VALUES('Sweden', 0, 0, 0, 0);
INSERT INTO country VALUES('United States', 0, 0, 0, 0);
INSERT INTO country VALUES('South Africa', 0, 0, 0, 0);
INSERT INTO country VALUES('Kosovo', 0, 0, 0, 0);
INSERT INTO country VALUES('Botswana', 0, 0, 0, 0);
INSERT INTO country VALUES('China', 0, 0, 0, 0);
INSERT INTO country VALUES('Brazil', 0, 0, 0, 0);
INSERT INTO country VALUES('Ethiopia', 0, 0, 0, 0);
INSERT INTO country VALUES('Belarus', 0, 0, 0, 0);
INSERT INTO country VALUES('Luxembourg', 0, 0, 0, 0);
INSERT INTO country VALUES('Portugal', 0, 0, 0, 0);
INSERT INTO country VALUES('Poland', 0, 0, 0, 0);
INSERT INTO country VALUES('Russia', 0, 0, 0, 0);
INSERT INTO country VALUES('Syria', 0, 0, 0, 0);
INSERT INTO country VALUES('Saudi Arabia', 0, 0, 0, 0);
INSERT INTO country VALUES('Afghanistan', 0, 0, 0, 0);
INSERT INTO country VALUES('Finland', 0, 0, 0, 0);
INSERT INTO country VALUES('Netherlands', 0, 0, 0, 0);
INSERT INTO country VALUES('Honduras', 0, 0, 0, 0);
INSERT INTO country VALUES('Turkmenistan', 0, 0, 0, 0);
INSERT INTO country VALUES('Colombia', 0, 0, 0, 0);
INSERT INTO country VALUES('Qatar', 0, 0, 0, 0);
INSERT INTO country VALUES('Bosnia and Herzegovina', 0, 0, 0, 0);
INSERT INTO country VALUES('France', 0, 0, 0, 0);
INSERT INTO country VALUES('Yemen', 0, 0, 0, 0);
INSERT INTO country VALUES('Czech Republic', 0, 0, 0, 0);
INSERT INTO country VALUES('Greece', 0, 0, 0, 0);
INSERT INTO country VALUES('Indonesia', 0, 0, 0, 0);


insert into  player values (1, 'Diego Gallaher', 'Male', 'China', 0, 0, 0);
insert into  player values (2, 'Ofella Palmby', 'Female', 'Philippines', 0, 0, 0);
insert into  player values (3, 'Micheline Curmi', 'Female', 'Syria', 0, 0, 0);
insert into  player values (4, 'Dynah De Andisie', 'Female', 'Russia', 0, 0, 0);
insert into  player values (5, 'Dal Lots', 'Male', 'Portugal', 0, 0, 0);
insert into  player values (6, 'Ethelda Camacke', 'Female', 'Indonesia', 0, 0, 0);
insert into  player values (7, 'Cyril Ehrat', 'Male', 'France', 0, 0, 0);
insert into  player values (8, 'Roger Stelfax', 'Male', 'Portugal', 0, 0, 0);
insert into  player values (9, 'Jabez McMaster', 'Male', 'Ireland', 0, 0, 0);
insert into  player values (10, 'Adrianna Tremberth', 'Female', 'Russia', 0, 0, 0);
insert into  player values (11, 'Judie Rammell', 'Female', 'Indonesia', 0, 0, 0);
insert into  player values (12, 'Brooke Gaw', 'Male', 'Czech Republic', 0, 0, 0);
insert into  player values (13, 'Allsun Scimone', 'Female', 'Philippines', 0, 0, 0);
insert into  player values (14, 'Pamela Laye', 'Female', 'Philippines', 0, 0, 0);
insert into  player values (15, 'Ranee Trott', 'Female', 'Argentina', 0, 0, 0);
insert into  player values (16, 'Lisle Abramski', 'Male', 'Iraq', 0, 0, 0);
insert into  player values (17, 'Cheryl Bick', 'Female', 'Indonesia', 0, 0, 0);
insert into  player values (18, 'Noby Spriggs', 'Male', 'Macedonia', 0, 0, 0);
insert into  player values (19, 'Schuyler Weston', 'Male', 'Tanzania', 0, 0, 0);
insert into  player values (20, 'Horton Ongin', 'Male', 'China', 0, 0, 0);
insert into  player values (21, 'Carolyn Goodliff', 'Female', 'Pakistan', 0, 0, 0);
insert into  player values (22, 'Geri Barnfather', 'Female', 'Serbia', 0, 0, 0);
insert into  player values (23, 'Gearard Mote', 'Male', 'Chile', 0, 0, 0);
insert into  player values (24, 'Sheffield Murrigans', 'Male', 'Sweden', 0, 0, 0);
insert into  player values (25, 'Saunder Olivo', 'Male', 'El Salvador', 0, 0, 0);
insert into  player values (26, 'Willamina Lequeux', 'Female', 'Canada', 0, 0, 0);
insert into  player values (27, 'Eduard Fessier', 'Male', 'Portugal', 0, 0, 0);
insert into  player values (28, 'Clywd Follacaro', 'Male', 'Japan', 0, 0, 0);
insert into  player values (29, 'Arnuad Tran', 'Male', 'France', 0, 0, 0);
insert into  player values (30, 'Bartlett Freiberg', 'Male', 'Poland', 0, 0, 0);
insert into  player values (31, 'Alyssa Sousa', 'Female', 'Tajikistan', 0, 0, 0);
insert into  player values (32, 'Lenci Kurth', 'Male', 'Ivory Coast', 0, 0, 0);
insert into  player values (33, 'Jojo Thomesson', 'Female', 'Honduras', 0, 0, 0);
insert into  player values (34, 'Brittney Sowood', 'Female', 'Peru', 0, 0, 0);
insert into  player values (35, 'Pavia Ahlf', 'Female', 'Russia', 0, 0, 0);
insert into  player values (36, 'Dennie Conerding', 'Female', 'Nigeria', 0, 0, 0);
insert into  player values (37, 'Maribel Wenn', 'Female', 'Indonesia', 0, 0, 0);
insert into  player values (38, 'Starr Creffield', 'Female', 'Japan', 0, 0, 0);
insert into  player values (39, 'Drucie Crow', 'Female', 'France', 0, 0, 0);
insert into  player values (40, 'Jamill Limmer', 'Male', 'Brazil', 0, 0, 0);
insert into  player values (41, 'Dulce Kollaschek', 'Female', 'China', 0, 0, 0);
insert into  player values (42, 'Wayland Murfett', 'Male', 'China', 0, 0, 0);
insert into  player values (43, 'Forbes Wrought', 'Male', 'Nigeria', 0, 0, 0);
insert into  player values (44, 'Roland Foulstone', 'Male', 'Peru', 0, 0, 0);
insert into  player values (45, 'Loreen Dudney', 'Female', 'Indonesia', 0, 0, 0);
insert into  player values (46, 'Dorey Norgan', 'Male', 'Australia', 0, 0, 0);
insert into  player values (47, 'Everett Riddock', 'Male', 'China', 0, 0, 0);
insert into  player values (48, 'Chandra Brevetor', 'Female', 'Russia', 0, 0, 0);
insert into  player values (49, 'Krissie Stapylton', 'Female', 'Philippines', 0, 0, 0);
insert into  player values (50, 'Win Proudlock', 'Male', 'Poland', 0, 0, 0);
insert into  player values (51, 'Giffy Lago', 'Male', 'Ukraine', 0, 0, 0);
insert into  player values (52, 'Edgar Bonson', 'Male', 'Russia', 0, 0, 0);
insert into  player values (53, 'Der de Keyser', 'Male', 'Denmark', 0, 0, 0);
insert into  player values (54, 'Findlay Aspy', 'Male', 'China', 0, 0, 0);
insert into  player values (55, 'Collette MacAlpin', 'Female', 'Czech Republic', 0, 0, 0);
insert into  player values (56, 'Irwinn Dewett', 'Male', 'Indonesia', 0, 0, 0);
insert into  player values (57, 'Titos Woller', 'Male', 'Philippines', 0, 0, 0);
insert into  player values (58, 'Odelinda Spurr', 'Female', 'Philippines', 0, 0, 0);
insert into  player values (59, 'Marco Jennison', 'Male', 'Tanzania', 0, 0, 0);
insert into  player values (60, 'Jolene LeEstut', 'Female', 'China', 0, 0, 0);
insert into  player values (61, 'Ellwood Pinnijar', 'Male', 'Russia', 0, 0, 0);
insert into  player values (62, 'Sarge Deeks', 'Male', 'Russia', 0, 0, 0);
insert into  player values (63, 'Janna Huniwall', 'Female', 'Czech Republic', 0, 0, 0);
insert into  player values (64, 'Sholom Vipan', 'Male', 'China', 0, 0, 0);
insert into  player values (65, 'Hadlee McNeilley', 'Male', 'Brazil', 0, 0, 0);
insert into  player values (66, 'Rahal Jahnig', 'Female', 'Nigeria', 0, 0, 0);
insert into  player values (67, 'Waldo Oulett', 'Male', 'Libya', 0, 0, 0);
insert into  player values (68, 'Teresita Filer', 'Female', 'Saudi Arabia', 0, 0, 0);
insert into  player values (69, 'Alan Ferens', 'Male', 'Japan', 0, 0, 0);
insert into  player values (70, 'Mufi Piercey', 'Female', 'Indonesia', 0, 0, 0);
insert into  player values (71, 'Eddy Dyerson', 'Male', 'United States', 0, 0, 0);
insert into  player values (72, 'Ericka Cooling', 'Female', 'Indonesia', 0, 0, 0);
insert into  player values (73, 'Opal Taye', 'Female', 'United States', 0, 0, 0);
insert into  player values (74, 'Dede Bernardino', 'Female', 'China', 0, 0, 0);
insert into  player values (75, 'Beverley Meddemmen', 'Female', 'Philippines', 0, 0, 0);
insert into  player values (76, 'Kat Trapp', 'Female', 'Philippines', 0, 0, 0);
insert into  player values (77, 'Teddie Mulqueeny', 'Female', 'Honduras', 0, 0, 0);
insert into  player values (78, 'Claudian Ladewig', 'Male', 'Finland', 0, 0, 0);
insert into  player values (79, 'Griffie Orton', 'Male', 'Indonesia', 0, 0, 0);
insert into  player values (80, 'Gardie Hosten', 'Male', 'Philippines', 0, 0, 0);
insert into  player values (81, 'Linnea Carse', 'Female', 'United States', 0, 0, 0);
insert into  player values (82, 'Joaquin Gomby', 'Male', 'Czech Republic', 0, 0, 0);
insert into  player values (83, 'Osgood Chimenti', 'Male', 'Canada', 0, 0, 0);
insert into  player values (84, 'Jake Liversley', 'Male', 'United States', 0, 0, 0);
insert into  player values (85, 'Bertrando Perin', 'Male', 'Philippines', 0, 0, 0);
insert into  player values (86, 'Berkly Spry', 'Male', 'Philippines', 0, 0, 0);
insert into  player values (87, 'Porter Hannaby', 'Male', 'Mozambique', 0, 0, 0);
insert into  player values (88, 'Lorita Paynter', 'Female', 'Indonesia', 0, 0, 0);
insert into  player values (89, 'Fredi Filson', 'Female', 'Madagascar', 0, 0, 0);
insert into  player values (90, 'Jayne Witheridge', 'Female', 'Russia', 0, 0, 0);
insert into  player values (91, 'Daria Birkett', 'Female', 'Portugal', 0, 0, 0);
insert into  player values (92, 'Jeanette Glason', 'Female', 'Indonesia', 0, 0, 0);
insert into  player values (93, 'Papagena Pitney', 'Female', 'China', 0, 0, 0);
insert into  player values (94, 'Reece Maurice', 'Male', 'Panama', 0, 0, 0);
insert into  player values (95, 'Heall Colloby', 'Male', 'Czech Republic', 0, 0, 0);
insert into  player values (96, 'Doro Artus', 'Female', 'Indonesia', 0, 0, 0);
insert into  player values (97, 'Muriel Nisco', 'Female', 'China', 0, 0, 0);
insert into  player values (98, 'Mose Runnacles', 'Male', 'Vietnam', 0, 0, 0);
insert into  player values (99, 'Eleonora Blaxeland', 'Female', 'Philippines', 0, 0, 0);
insert into  player values (100, 'Gustave Copcutt', 'Male', 'Poland', 0, 0, 0);
insert into  player values (101, 'Barbe Lofty', 'Female', 'Macedonia', 0, 0, 0);
insert into  player values (102, 'Jake Micka', 'Male', 'Russia', 0, 0, 0);
insert into  player values (103, 'Danielle Kikke', 'Female', 'France', 0, 0, 0);
insert into  player values (104, 'Davis Boscher', 'Male', 'Angola', 0, 0, 0);
insert into  player values (105, 'Judah Vaz', 'Male', 'China', 0, 0, 0);
insert into  player values (106, 'Anneliese McPartlin', 'Female', 'Philippines', 0, 0, 0);
insert into  player values (107, 'Dallon Deporte', 'Male', 'Armenia', 0, 0, 0);
insert into  player values (108, 'Tye McCaw', 'Male', 'Philippines', 0, 0, 0);
insert into  player values (109, 'Stephan Mabbot', 'Male', 'Cuba', 0, 0, 0);
insert into  player values (110, 'Sherill Huxley', 'Female', 'Portugal', 0, 0, 0);
insert into  player values (111, 'Dugald Lane', 'Male', 'France', 0, 0, 0);
insert into  player values (112, 'Jae Rivaland', 'Male', 'Yemen', 0, 0, 0);
insert into  player values (113, 'Carlita Friese', 'Female', 'China', 0, 0, 0);
insert into  player values (114, 'Joelynn Blaik', 'Female', 'China', 0, 0, 0);
insert into  player values (115, 'Corty Guiel', 'Male', 'Venezuela', 0, 0, 0);
insert into  player values (116, 'Rossy Bouch', 'Male', 'Indonesia', 0, 0, 0);
insert into  player values (117, 'Flory Aseef', 'Male', 'United States', 0, 0, 0);
insert into  player values (118, 'Jeth Sapsford', 'Male', 'Indonesia', 0, 0, 0);
insert into  player values (119, 'Marshall Rotte', 'Male', 'Russia', 0, 0, 0);
insert into  player values (120, 'Keven Torbeck', 'Male', 'Indonesia', 0, 0, 0);
insert into  player values (121, 'Jabez Swanson', 'Male', 'China', 0, 0, 0);
insert into  player values (122, 'Aprilette Repper', 'Female', 'Sweden', 0, 0, 0);
insert into  player values (123, 'Richmound Testo', 'Male', 'Mexico', 0, 0, 0);
insert into  player values (124, 'Johnath Barts', 'Female', 'China', 0, 0, 0);
insert into  player values (125, 'Karoly Duckitt', 'Female', 'South Africa', 0, 0, 0);
insert into  player values (126, 'Stirling McCurley', 'Male', 'Indonesia', 0, 0, 0);
insert into  player values (127, 'Man Matthis', 'Male', 'Turkmenistan', 0, 0, 0);
insert into  player values (128, 'Gibbie Parkisson', 'Male', 'Kosovo', 0, 0, 0);
insert into  player values (129, 'Dita Vittle', 'Female', 'Poland', 0, 0, 0);
insert into  player values (130, 'Nevin McNeil', 'Male', 'China', 0, 0, 0);
insert into  player values (131, 'Valaree Woolliams', 'Female', 'Bolivia', 0, 0, 0);
insert into  player values (132, 'Shoshana Watting', 'Female', 'Indonesia', 0, 0, 0);
insert into  player values (133, 'Zola Downage', 'Female', 'Portugal', 0, 0, 0);
insert into  player values (134, 'Ferne Allibon', 'Female', 'France', 0, 0, 0);
insert into  player values (135, 'Aristotle Hillum', 'Male', 'Netherlands', 0, 0, 0);
insert into  player values (136, 'Padriac Koppes', 'Male', 'Indonesia', 0, 0, 0);
insert into  player values (137, 'Stormi Magovern', 'Female', 'Botswana', 0, 0, 0);
insert into  player values (138, 'Renault Gaynesford', 'Male', 'Denmark', 0, 0, 0);
insert into  player values (139, 'Gasper Aleswell', 'Male', 'Honduras', 0, 0, 0);
insert into  player values (140, 'Kellen Pope', 'Female', 'China', 0, 0, 0);
insert into  player values (141, 'Paula Meedendorpe', 'Female', 'China', 0, 0, 0);
insert into  player values (142, 'Donall Charlson', 'Male', 'Angola', 0, 0, 0);
insert into  player values (143, 'Joelie Lamey', 'Female', 'Zimbabwe', 0, 0, 0);
insert into  player values (144, 'Mersey McInnerny', 'Female', 'Croatia', 0, 0, 0);
insert into  player values (145, 'Willette Racher', 'Female', 'Russia', 0, 0, 0);
insert into  player values (146, 'Laetitia Duxfield', 'Female', 'China', 0, 0, 0);
insert into  player values (147, 'Shena Oswell', 'Female', 'Russia', 0, 0, 0);
insert into  player values (148, 'Camile Bosley', 'Female', 'Russia', 0, 0, 0);
insert into  player values (149, 'Kathleen Ludye', 'Female', 'Ukraine', 0, 0, 0);
insert into  player values (150, 'Sigvard Cino', 'Male', 'Russia', 0, 0, 0);
insert into  player values (151, 'Arvie Bischof', 'Male', 'China', 0, 0, 0);
insert into  player values (152, 'Tyrone Glenny', 'Male', 'China', 0, 0, 0);
insert into  player values (153, 'Cinda Witherow', 'Female', 'Ukraine', 0, 0, 0);
insert into  player values (154, 'Georgena Denge', 'Female', 'Isle of Man', 0, 0, 0);
insert into  player values (155, 'Iolanthe Petrichat', 'Female', 'Russia', 0, 0, 0);
insert into  player values (156, 'Cecilio Fairebrother', 'Male', 'Canada', 0, 0, 0);
insert into  player values (157, 'Spence Burkman', 'Male', 'China', 0, 0, 0);
insert into  player values (158, 'Avrit Burnet', 'Female', 'Croatia', 0, 0, 0);
insert into  player values (159, 'Val Arendt', 'Male', 'Indonesia', 0, 0, 0);
insert into  player values (160, 'Thatch Folk', 'Male', 'Netherlands', 0, 0, 0);
insert into  player values (161, 'Vern Byrom', 'Male', 'Ukraine', 0, 0, 0);
insert into  player values (162, 'Arleen Shoard', 'Female', 'Argentina', 0, 0, 0);
insert into  player values (163, 'Brenda Jone', 'Female', 'Indonesia', 0, 0, 0);
insert into  player values (164, 'Stanly Kirckman', 'Male', 'Nigeria', 0, 0, 0);
insert into  player values (165, 'Hugo Quirk', 'Male', 'China', 0, 0, 0);
insert into  player values (166, 'Kathleen Seakings', 'Female', 'China', 0, 0, 0);
insert into  player values (167, 'Dottie Biggen', 'Female', 'Mongolia', 0, 0, 0);
insert into  player values (168, 'Arni Stuckes', 'Male', 'Bosnia and Herzegovina', 0, 0, 0);
insert into  player values (169, 'Ashbey Dabell', 'Male', 'Panama', 0, 0, 0);
insert into  player values (170, 'Imogene Kield', 'Female', 'Macedonia', 0, 0, 0);
insert into  player values (171, 'Ekaterina Neighbour', 'Female', 'Russia', 0, 0, 0);
insert into  player values (172, 'Domenico Juggins', 'Male', 'Thailand', 0, 0, 0);
insert into  player values (173, 'Honor Shipperbottom', 'Female', 'China', 0, 0, 0);
insert into  player values (174, 'Pyotr O'' Mullane', 'Male', 'Peru', 0, 0, 0);
insert into  player values (175, 'Freeman Griston', 'Male', 'Czech Republic', 0, 0, 0);
insert into  player values (176, 'Joni Hunn', 'Female', 'Vietnam', 0, 0, 0);
insert into  player values (177, 'Job Jory', 'Male', 'China', 0, 0, 0);
insert into  player values (178, 'Marlo Ranby', 'Male', 'Portugal', 0, 0, 0);
insert into  player values (179, 'Robby Dukesbury', 'Male', 'Belarus', 0, 0, 0);
insert into  player values (180, 'Jermayne Piggen', 'Male', 'Canada', 0, 0, 0);
insert into  player values (181, 'Dan McInnerny', 'Male', 'Mongolia', 0, 0, 0);
insert into  player values (182, 'Joelle Sommerland', 'Female', 'Portugal', 0, 0, 0);
insert into  player values (183, 'Erny Farady', 'Male', 'United States', 0, 0, 0);
insert into  player values (184, 'Brad Sands', 'Male', 'Mexico', 0, 0, 0);
insert into  player values (185, 'Angie Dowle', 'Female', 'Iraq', 0, 0, 0);
insert into  player values (186, 'Alan Beardsley', 'Male', 'Russia', 0, 0, 0);
insert into  player values (187, 'Malory Ciccottio', 'Female', 'China', 0, 0, 0);
insert into  player values (188, 'Daryl Adnet', 'Female', 'China', 0, 0, 0);
insert into  player values (189, 'Marietta Caffrey', 'Male', 'China', 0, 0, 0);
insert into  player values (190, 'Magdaia Huchot', 'Female', 'Egypt', 0, 0, 0);
insert into  player values (191, 'Dominga Langfitt', 'Female', 'Portugal', 0, 0, 0);
insert into  player values (192, 'Nettie Crossingham', 'Female', 'China', 0, 0, 0);
insert into  player values (193, 'Wilone Sinfield', 'Female', 'Brazil', 0, 0, 0);
insert into  player values (194, 'Claire Roseby', 'Female', 'China', 0, 0, 0);
insert into  player values (195, 'Hendrika Broadwood', 'Female', 'Peru', 0, 0, 0);
insert into  player values (196, 'Tom Tolworthy', 'Male', 'China', 0, 0, 0);
insert into  player values (197, 'Shawnee Banisch', 'Female', 'Philippines', 0, 0, 0);
insert into  player values (198, 'Kelci Wiltshier', 'Female', 'Sweden', 0, 0, 0);
insert into  player values (199, 'Lorette Tyson', 'Female', 'China', 0, 0, 0);
insert into  player values (200, 'Cherie Daviot', 'Female', 'China', 0, 0, 0);
insert into  player values (201, 'Gunter MacDonnell', 'Male', 'Sweden', 0, 0, 0);
insert into  player values (202, 'Hermina Jandac', 'Female', 'Czech Republic', 0, 0, 0);
insert into  player values (203, 'Coleman Stelle', 'Male', 'Croatia', 0, 0, 0);
insert into  player values (204, 'Garik Castellanos', 'Male', 'Mexico', 0, 0, 0);
insert into  player values (205, 'Claudette Kinnier', 'Female', 'China', 0, 0, 0);
insert into  player values (206, 'Justino Hawes', 'Male', 'Colombia', 0, 0, 0);
insert into  player values (207, 'Averell Greener', 'Male', 'Portugal', 0, 0, 0);
insert into  player values (208, 'Lenci Rowcliffe', 'Male', 'China', 0, 0, 0);
insert into  player values (209, 'Morganica Pretorius', 'Female', 'Greece', 0, 0, 0);
insert into  player values (210, 'Staffard Fewtrell', 'Male', 'Bangladesh', 0, 0, 0);
insert into  player values (211, 'Helsa Groombridge', 'Female', 'Russia', 0, 0, 0);
insert into  player values (212, 'Rosemaria Karran', 'Female', 'Malaysia', 0, 0, 0);
insert into  player values (213, 'Dagmar Plumbridge', 'Female', 'Indonesia', 0, 0, 0);
insert into  player values (214, 'Porter Veevers', 'Male', 'Qatar', 0, 0, 0);
insert into  player values (215, 'Roddy Zavattari', 'Male', 'Ethiopia', 0, 0, 0);
insert into  player values (216, 'Delphinia Nuzzti', 'Female', 'Afghanistan', 0, 0, 0);
insert into  player values (217, 'Osgood Osinin', 'Male', 'Indonesia', 0, 0, 0);
insert into  player values (218, 'Peggi Pandya', 'Female', 'Indonesia', 0, 0, 0);
insert into  player values (219, 'Gardner Tilford', 'Male', 'Luxembourg', 0, 0, 0);
insert into  player values (220, 'Alf Crebbin', 'Male', 'China', 0, 0, 0);
insert into  player values (221, 'Davide Sprey', 'Male', 'Philippines', 0, 0, 0);
insert into  player values (222, 'Valaria Bilbery', 'Female', 'Montenegro', 0, 0, 0);
insert into  player values (223, 'Mollee Deacock', 'Female', 'China', 0, 0, 0);
insert into  player values (224, 'Dena Mosedill', 'Female', 'Philippines', 0, 0, 0);
insert into  player values (225, 'Corly Cockayme', 'Female', 'El Salvador', 0, 0, 0);
insert into  player values (226, 'Marve Spaule', 'Male', 'Poland', 0, 0, 0);
insert into  player values (227, 'Bruno Challicum', 'Male', 'Sweden', 0, 0, 0);
insert into  player values (228, 'Alfonse Plowman', 'Male', 'United Kingdom', 0, 0, 0);
insert into  player values (229, 'Izzy Fugere', 'Male', 'Brazil', 0, 0, 0);
insert into  player values (230, 'Meriel Tongs', 'Female', 'Bosnia and Herzegovina', 0, 0, 0);
insert into  player values (231, 'Ramonda Garfitt', 'Female', 'Indonesia', 0, 0, 0);
insert into  player values (232, 'Cati Rowler', 'Female', 'Netherlands', 0, 0, 0);
insert into  player values (233, 'Kania Waller-Bridge', 'Female', 'Russia', 0, 0, 0);
insert into  player values (234, 'Eli Ambroise', 'Male', 'Bulgaria', 0, 0, 0);
insert into  player values (235, 'Mill Juckes', 'Male', 'China', 0, 0, 0);
insert into  player values (236, 'Jamie Wrintmore', 'Female', 'China', 0, 0, 0);
insert into  player values (237, 'Temple Ravenshaw', 'Male', 'Ukraine', 0, 0, 0);
insert into  player values (238, 'Nicolais Mc Dermid', 'Male', 'Indonesia', 0, 0, 0);
insert into  player values (239, 'Michal Varga', 'Male', 'United States', 0, 0, 0);
insert into  player values (240, 'Loutitia Lambersen', 'Female', 'Indonesia', 0, 0, 0);
insert into  player values (241, 'Jozef Farfoot', 'Male', 'Russia', 0, 0, 0);
insert into  player values (242, 'Wendall Shovelton', 'Male', 'China', 0, 0, 0);
insert into  player values (243, 'Tobit Sedgemore', 'Male', 'China', 0, 0, 0);
insert into  player values (244, 'Ansley Vince', 'Female', 'Vietnam', 0, 0, 0);
insert into  player values (245, 'Jessi Locket', 'Female', 'China', 0, 0, 0);
insert into  player values (246, 'Broddy Scoffins', 'Male', 'United States', 0, 0, 0);
insert into  player values (247, 'Kaine Brunotti', 'Male', 'Croatia', 0, 0, 0);
insert into  player values (248, 'Cesar Gainsborough', 'Male', 'Ivory Coast', 0, 0, 0);
insert into  player values (249, 'Sidonnie Litherborough', 'Female', 'Indonesia', 0, 0, 0);
insert into  player values (250, 'Jilleen Heinzler', 'Female', 'Portugal', 0, 0, 0);
insert into  player values (251, 'Fergus Jeram', 'Male', 'Indonesia', 0, 0, 0);
insert into  player values (252, 'Ax Leadley', 'Male', 'Indonesia', 0, 0, 0);
insert into  player values (253, 'Ellissa Robberecht', 'Female', 'Ukraine', 0, 0, 0);
insert into  player values (254, 'Paddie Kamena', 'Male', 'Portugal', 0, 0, 0);
insert into  player values (255, 'Alejoa Gullick', 'Male', 'Portugal', 0, 0, 0);
insert into  player values (256, 'Arly Lahy', 'Female', 'China', 0, 0, 0);
insert into  player values (257, 'Chad Musslewhite', 'Female', 'Czech Republic', 0, 0, 0);
insert into  player values (258, 'Bartel Julyan', 'Male', 'Iraq', 0, 0, 0);
insert into  player values (259, 'Gilda Taw', 'Female', 'China', 0, 0, 0);
insert into  player values (260, 'Sandor Dennett', 'Male', 'Greece', 0, 0, 0);
insert into  player values (261, 'Rivkah Molineaux', 'Female', 'Argentina', 0, 0, 0);
insert into  player values (262, 'Kariotta Barnish', 'Female', 'Slovenia', 0, 0, 0);
insert into  player values (263, 'Solly Bowmen', 'Male', 'Portugal', 0, 0, 0);
insert into  player values (264, 'Elli Fiddyment', 'Female', 'Poland', 0, 0, 0);
insert into  player values (265, 'Aili Stranks', 'Female', 'France', 0, 0, 0);
insert into  player values (266, 'Kimbell Barbara', 'Male', 'China', 0, 0, 0);
insert into  player values (267, 'Euell Mounsie', 'Male', 'El Salvador', 0, 0, 0);
insert into  player values (268, 'Roman Whitworth', 'Male', 'Bhutan', 0, 0, 0);
insert into  player values (269, 'Lucais Milner', 'Male', 'New Caledonia', 0, 0, 0);
insert into  player values (270, 'Beth Reddin', 'Female', 'Ukraine', 0, 0, 0);
insert into  player values (271, 'Nathalie Skepper', 'Female', 'Iran', 0, 0, 0);
insert into  player values (272, 'Valaree Stolting', 'Female', 'Russia', 0, 0, 0);
insert into  player values (273, 'Aleta Stennes', 'Female', 'Brazil', 0, 0, 0);
insert into  player values (274, 'Marji MacKonochie', 'Female', 'Indonesia', 0, 0, 0);
insert into  player values (275, 'Karrie Everall', 'Female', 'Indonesia', 0, 0, 0);
insert into  player values (276, 'Matty McKilroe', 'Male', 'Mexico', 0, 0, 0);
insert into  player values (277, 'Abbe Howe', 'Male', 'Thailand', 0, 0, 0);
insert into  player values (278, 'Jillie Burden', 'Female', 'Burkina Faso', 0, 0, 0);
insert into  player values (279, 'Margette Rummer', 'Female', 'Russia', 0, 0, 0);
insert into  player values (280, 'Creighton Mackison', 'Male', 'Brazil', 0, 0, 0);
insert into  player values (281, 'Vonnie Lafrentz', 'Female', 'China', 0, 0, 0);
insert into  player values (282, 'Ailina Guilaem', 'Female', 'Finland', 0, 0, 0);
insert into  player values (283, 'Ilyssa Mercey', 'Female', 'Israel', 0, 0, 0);
insert into  player values (284, 'Misha Delve', 'Female', 'Albania', 0, 0, 0);
insert into  player values (285, 'Mischa Tatton', 'Male', 'Japan', 0, 0, 0);
insert into  player values (286, 'Arin Sedworth', 'Male', 'Cayman Islands', 0, 0, 0);
insert into  player values (287, 'Myrvyn Ayton', 'Male', 'Indonesia', 0, 0, 0);
insert into  player values (288, 'Sebastiano Tease', 'Male', 'China', 0, 0, 0);
insert into  player values (289, 'Les Haldenby', 'Male', 'Argentina', 0, 0, 0);
insert into  player values (290, 'Arnaldo Twiname', 'Male', 'Portugal', 0, 0, 0);
insert into  player values (291, 'Ag Woodyear', 'Female', 'Sweden', 0, 0, 0);
insert into  player values (292, 'Alexa Gulc', 'Female', 'Sweden', 0, 0, 0);
insert into  player values (293, 'Doreen Domingues', 'Female', 'Philippines', 0, 0, 0);
insert into  player values (294, 'Janeen Ratnage', 'Female', 'Indonesia', 0, 0, 0);
insert into  player values (295, 'Hugo Donizeau', 'Male', 'Philippines', 0, 0, 0);
insert into  player values (296, 'Louis Gilbart', 'Male', 'Vietnam', 0, 0, 0);
insert into  player values (297, 'Tedmund McGougan', 'Male', 'China', 0, 0, 0);
insert into  player values (298, 'Celinka Sugars', 'Female', 'China', 0, 0, 0);
insert into  player values (299, 'Jyoti Backshill', 'Female', 'Myanmar', 0, 0, 0);
insert into  player values (300, 'Anabelle Langcaster', 'Female', 'China', 0, 0, 0);


INSERT INTO sports VALUES(1,'Swimming', 'Backstroke', 100, 'Single','male');
INSERT INTO sports VALUES(2,'Swimming', 'Breaststroke', 100, 'Single','male');
INSERT INTO sports VALUES(3,'Swimming', 'Butterfly', 100, 'Single','male');
INSERT INTO sports VALUES(4,'Swimming', 'Freestyle', 100, 'Single','male');
INSERT INTO sports VALUES(5,'Swimming', 'Backstroke', 100, 'Single','female');
INSERT INTO sports VALUES(6,'Swimming', 'Breaststroke', 100, 'Single','female');
INSERT INTO sports VALUES(7,'Swimming', 'Butterfly', 100, 'Single','female');
INSERT INTO sports VALUES(8,'Swimming', 'Freestyle', 100, 'Single','female');
INSERT INTO sports VALUES(9,'Swimming', 'Backstroke', 200, 'Single','male');
INSERT INTO sports VALUES(10,'Swimming', 'Breaststroke', 200, 'Single','male');
INSERT INTO sports VALUES(11,'Swimming', 'Butterfly', 200, 'Single','male');
INSERT INTO sports VALUES(12,'Swimming', 'Freestyle', 200, 'Single','male');
INSERT INTO sports VALUES(13,'Swimming', 'Backstroke', 200, 'Single','female');
INSERT INTO sports VALUES(14,'Swimming', 'Breaststroke', 200, 'Single','female');
INSERT INTO sports VALUES(15,'Swimming', 'Butterfly', 200, 'Single','female');
INSERT INTO sports VALUES(16,'Swimming', 'Freestyle', 200, 'Single','female');
INSERT INTO sports VALUES(17,'Athletics', 'Running', 100, 'Single','female');
INSERT INTO sports VALUES(18,'Athletics', 'Running', 200, 'Single','female');
INSERT INTO sports VALUES(19,'Athletics', 'Running', 400, 'Single','female');
INSERT INTO sports VALUES(20,'Athletics', 'Running', 800, 'Single','female');
INSERT INTO sports VALUES(21,'Athletics', 'Running', 100, 'Single','male');
INSERT INTO sports VALUES(22,'Athletics', 'Running', 200, 'Single','male');
INSERT INTO sports VALUES(23,'Athletics', 'Running', 400, 'Single','male');
INSERT INTO sports VALUES(24,'Athletics', 'Running', 800, 'Single','male');
INSERT INTO sports VALUES(25,'Athletics', 'Relay Running', 400, 'Team','female');


INSERT INTO matches VALUES(0, 'semi-final', 'Water Cube', '2008-08-10', 1);
INSERT INTO matches VALUES(1, 'semi-final', 'Water Cube', '2008-08-10', 1);
INSERT INTO matches VALUES(2, 'final', 'Water Cube', '2008-08-12', 1);
INSERT INTO matches VALUES(3, 'semi-final', 'Water Cube', '2008-08-10', 2);
INSERT INTO matches VALUES(4, 'semi-final', 'Water Cube', '2008-08-10', 2);
INSERT INTO matches VALUES(5, 'final', 'Water Cube', '2008-08-12', 2);
INSERT INTO matches VALUES(6, 'semi-final', 'Water Cube', '2008-08-10', 3);
INSERT INTO matches VALUES(7, 'semi-final', 'Water Cube', '2008-08-10', 3);
INSERT INTO matches VALUES(8, 'final', 'Water Cube', '2008-08-12', 3);
INSERT INTO matches VALUES(9, 'semi-final', 'Water Cube', '2008-08-10', 4);
INSERT INTO matches VALUES(10, 'semi-final', 'Water Cube', '2008-08-10', 4);
INSERT INTO matches VALUES(11, 'final', 'Water Cube', '2008-08-12', 4);
INSERT INTO matches VALUES(12, 'semi-final', 'Water Cube', '2008-08-10', 5);
INSERT INTO matches VALUES(13, 'semi-final', 'Water Cube', '2008-08-10', 5);
INSERT INTO matches VALUES(14, 'final', 'Water Cube', '2008-08-12', 5);
INSERT INTO matches VALUES(15, 'semi-final', 'Water Cube', '2008-08-10', 6);
INSERT INTO matches VALUES(16, 'semi-final', 'Water Cube', '2008-08-10', 6);
INSERT INTO matches VALUES(17, 'final', 'Water Cube', '2008-08-12', 6);
INSERT INTO matches VALUES(18, 'semi-final', 'Water Cube', '2008-08-10', 7);
INSERT INTO matches VALUES(19, 'semi-final', 'Water Cube', '2008-08-10', 7);
INSERT INTO matches VALUES(20, 'final', 'Water Cube', '2008-08-12', 7);
INSERT INTO matches VALUES(21, 'semi-final', 'Water Cube', '2008-08-10', 8);
INSERT INTO matches VALUES(22, 'semi-final', 'Water Cube', '2008-08-10', 8);
INSERT INTO matches VALUES(23, 'final', 'Water Cube', '2008-08-12', 8);
INSERT INTO matches VALUES(24, 'semi-final', 'Water Cube', '2008-08-10', 9);
INSERT INTO matches VALUES(25, 'semi-final', 'Water Cube', '2008-08-10', 9);
INSERT INTO matches VALUES(26, 'final', 'Water Cube', '2008-08-12', 9);
INSERT INTO matches VALUES(27, 'semi-final', 'Water Cube', '2008-08-10', 10);
INSERT INTO matches VALUES(28, 'semi-final', 'Water Cube', '2008-08-10', 10);
INSERT INTO matches VALUES(29, 'final', 'Water Cube', '2008-08-12', 10);
INSERT INTO matches VALUES(30, 'semi-final', 'Water Cube', '2008-08-10', 11);
INSERT INTO matches VALUES(31, 'semi-final', 'Water Cube', '2008-08-10', 11);
INSERT INTO matches VALUES(32, 'final', 'Water Cube', '2008-08-12', 11);
INSERT INTO matches VALUES(33, 'semi-final', 'Water Cube', '2008-08-10', 12);
INSERT INTO matches VALUES(34, 'semi-final', 'Water Cube', '2008-08-10', 12);
INSERT INTO matches VALUES(35, 'final', 'Water Cube', '2008-08-12', 12);
INSERT INTO matches VALUES(36, 'semi-final', 'Water Cube', '2008-08-10', 13);
INSERT INTO matches VALUES(37, 'semi-final', 'Water Cube', '2008-08-10', 13);
INSERT INTO matches VALUES(38, 'final', 'Water Cube', '2008-08-12', 13);
INSERT INTO matches VALUES(39, 'semi-final', 'Water Cube', '2008-08-10', 14);
INSERT INTO matches VALUES(40, 'semi-final', 'Water Cube', '2008-08-10', 14);
INSERT INTO matches VALUES(41, 'final', 'Water Cube', '2008-08-12', 14);
INSERT INTO matches VALUES(42, 'semi-final', 'Water Cube', '2008-08-10', 15);
INSERT INTO matches VALUES(43, 'semi-final', 'Water Cube', '2008-08-10', 15);
INSERT INTO matches VALUES(44, 'final', 'Water Cube', '2008-08-12', 15);
INSERT INTO matches VALUES(45, 'semi-final', 'Water Cube', '2008-08-10', 16);
INSERT INTO matches VALUES(46, 'semi-final', 'Water Cube', '2008-08-10', 16);
INSERT INTO matches VALUES(47, 'final', 'Water Cube', '2008-08-12', 16);
INSERT INTO matches VALUES(48, 'semi-final', 'National Statium', '2008-08-10', 17);
INSERT INTO matches VALUES(49, 'semi-final', 'National Statium', '2008-08-10', 17);
INSERT INTO matches VALUES(50, 'final', 'National Statium', '2008-08-12', 17);
INSERT INTO matches VALUES(51, 'semi-final', 'National Statium', '2008-08-10', 18);
INSERT INTO matches VALUES(52, 'semi-final', 'National Statium', '2008-08-10', 18);
INSERT INTO matches VALUES(53, 'final', 'National Statium', '2008-08-12', 18);
INSERT INTO matches VALUES(54, 'semi-final', 'National Statium', '2008-08-10', 19);
INSERT INTO matches VALUES(55, 'semi-final', 'National Statium', '2008-08-10', 19);
INSERT INTO matches VALUES(56, 'final', 'National Statium', '2008-08-12', 19);
INSERT INTO matches VALUES(57, 'semi-final', 'National Statium', '2008-08-10', 20);
INSERT INTO matches VALUES(58, 'semi-final', 'National Statium', '2008-08-10', 20);
INSERT INTO matches VALUES(59, 'final', 'National Statium', '2008-08-12', 20);
INSERT INTO matches VALUES(60, 'semi-final', 'National Statium', '2008-08-10', 21);
INSERT INTO matches VALUES(61, 'semi-final', 'National Statium', '2008-08-10', 21);
INSERT INTO matches VALUES(62, 'final', 'National Statium', '2008-08-12', 21);
INSERT INTO matches VALUES(63, 'semi-final', 'National Statium', '2008-08-10', 22);
INSERT INTO matches VALUES(64, 'semi-final', 'National Statium', '2008-08-10', 22);
INSERT INTO matches VALUES(65, 'final', 'National Statium', '2008-08-12', 22);
INSERT INTO matches VALUES(66, 'semi-final', 'National Statium', '2008-08-10', 23);
INSERT INTO matches VALUES(67, 'semi-final', 'National Statium', '2008-08-10', 23);
INSERT INTO matches VALUES(68, 'final', 'National Statium', '2008-08-12', 23);
INSERT INTO matches VALUES(69, 'semi-final', 'National Statium', '2008-08-10', 24);
INSERT INTO matches VALUES(70, 'semi-final', 'National Statium', '2008-08-10', 24);
INSERT INTO matches VALUES(71, 'final', 'National Statium', '2008-08-12', 24);
INSERT INTO matches VALUES(72, 'semi-final', 'National Statium', '2008-08-10', 25);
INSERT INTO matches VALUES(73, 'semi-final', 'National Statium', '2008-08-10', 25);
INSERT INTO matches VALUES(74, 'final', 'National Statium', '2008-08-12', 25);


INSERT INTO participate VALUES(64, 2, '10.98s', 1, 'gold');
INSERT INTO participate VALUES(287, 2, '11.05s', 2, 'silver');
INSERT INTO participate VALUES(30, 2, '11.1201s', 3, 'bronze');
INSERT INTO participate VALUES(120, 2, '11.1901s', 4, NULL);
INSERT INTO participate VALUES(57, 2, '11.2602s', 5, NULL);
INSERT INTO participate VALUES(246, 2, '11.3302s', 6, NULL);
INSERT INTO participate VALUES(227, 2, '11.4002s', 7, NULL);
INSERT INTO participate VALUES(237, 2, '11.4702s', 8, NULL);
INSERT INTO participate VALUES(184, 5, '11.5403s', 1, 'gold');
INSERT INTO participate VALUES(104, 5, '11.6103s', 2, 'silver');
INSERT INTO participate VALUES(50, 5, '11.6803s', 3, 'bronze');
INSERT INTO participate VALUES(242, 5, '11.7504s', 4, NULL);
INSERT INTO participate VALUES(18, 5, '11.8204s', 5, NULL);
INSERT INTO participate VALUES(189, 5, '11.8904s', 6, NULL);
INSERT INTO participate VALUES(217, 5, '11.9604s', 7, NULL);
INSERT INTO participate VALUES(1, 5, '12.0305s', 8, NULL);
INSERT INTO participate VALUES(226, 8, '12.1005s', 1, 'gold');
INSERT INTO participate VALUES(126, 8, '12.1705s', 2, 'silver');
INSERT INTO participate VALUES(111, 8, '12.2406s', 3, 'bronze');
INSERT INTO participate VALUES(297, 8, '12.3106s', 4, NULL);
INSERT INTO participate VALUES(52, 8, '12.3806s', 5, NULL);
INSERT INTO participate VALUES(157, 8, '12.4506s', 6, NULL);
INSERT INTO participate VALUES(18, 8, '12.5207s', 7, NULL);
INSERT INTO participate VALUES(12, 8, '12.5907s', 8, NULL);
INSERT INTO participate VALUES(16, 11, '12.6607s', 1, 'gold');
INSERT INTO participate VALUES(268, 11, '12.7308s', 2, 'silver');
INSERT INTO participate VALUES(7, 11, '12.8008s', 3, 'bronze');
INSERT INTO participate VALUES(184, 11, '12.8708s', 4, NULL);
INSERT INTO participate VALUES(107, 11, '12.9408s', 5, NULL);
INSERT INTO participate VALUES(214, 11, '13.0109s', 6, NULL);
INSERT INTO participate VALUES(18, 11, '13.0809s', 7, NULL);
INSERT INTO participate VALUES(263, 11, '13.151s', 8, NULL);
INSERT INTO participate VALUES(125, 14, '13.221s', 1, 'gold');
INSERT INTO participate VALUES(231, 14, '13.291s', 2, 'silver');
INSERT INTO participate VALUES(262, 14, '13.361s', 3, 'bronze');
INSERT INTO participate VALUES(291, 14, '13.431s', 4, NULL);
INSERT INTO participate VALUES(132, 14, '13.501s', 5, NULL);
INSERT INTO participate VALUES(188, 14, '13.5711s', 6, NULL);
INSERT INTO participate VALUES(244, 14, '13.6411s', 7, NULL);
INSERT INTO participate VALUES(155, 14, '13.7112s', 8, NULL);
INSERT INTO participate VALUES(11, 17, '13.7812s', 1, 'gold');
INSERT INTO participate VALUES(218, 17, '13.8512s', 2, 'silver');
INSERT INTO participate VALUES(292, 17, '13.9212s', 3, 'bronze');
INSERT INTO participate VALUES(55, 17, '13.9913s', 4, NULL);
INSERT INTO participate VALUES(99, 17, '14.0613s', 5, NULL);
INSERT INTO participate VALUES(158, 17, '14.1313s', 6, NULL);
INSERT INTO participate VALUES(68, 17, '14.2014s', 7, NULL);
INSERT INTO participate VALUES(182, 17, '14.2714s', 8, NULL);
INSERT INTO participate VALUES(265, 20, '14.3414s', 1, 'gold');
INSERT INTO participate VALUES(223, 20, '14.4114s', 2, 'silver');
INSERT INTO participate VALUES(270, 20, '14.4815s', 3, 'bronze');
INSERT INTO participate VALUES(101, 20, '14.5515s', 4, NULL);
INSERT INTO participate VALUES(163, 20, '14.6215s', 5, NULL);
INSERT INTO participate VALUES(153, 20, '14.6915s', 6, NULL);
INSERT INTO participate VALUES(264, 20, '14.7616s', 7, NULL);
INSERT INTO participate VALUES(205, 20, '14.8316s', 8, NULL);
INSERT INTO participate VALUES(15, 23, '14.9016s', 1, 'gold');
INSERT INTO participate VALUES(256, 23, '14.9717s', 2, 'silver');
INSERT INTO participate VALUES(137, 23, '15.0417s', 3, 'bronze');
INSERT INTO participate VALUES(212, 23, '15.1117s', 4, NULL);
INSERT INTO participate VALUES(218, 23, '15.1817s', 5, NULL);
INSERT INTO participate VALUES(93, 23, '15.2518s', 6, NULL);
INSERT INTO participate VALUES(194, 23, '15.3218s', 7, NULL);
INSERT INTO participate VALUES(284, 23, '15.3918s', 8, NULL);
INSERT INTO participate VALUES(181, 26, '15.4619s', 1, 'gold');
INSERT INTO participate VALUES(46, 26, '15.5319s', 2, 'silver');
INSERT INTO participate VALUES(220, 26, '15.602s', 3, 'bronze');
INSERT INTO participate VALUES(252, 26, '15.672s', 4, NULL);
INSERT INTO participate VALUES(53, 26, '15.742s', 5, NULL);
INSERT INTO participate VALUES(80, 26, '15.812s', 6, NULL);
INSERT INTO participate VALUES(258, 26, '15.882s', 7, NULL);
INSERT INTO participate VALUES(196, 26, '15.952s', 8, NULL);
INSERT INTO participate VALUES(180, 29, '16.022s', 1, 'gold');
INSERT INTO participate VALUES(243, 29, '16.092s', 2, 'silver');
INSERT INTO participate VALUES(18, 29, '16.162s', 3, 'bronze');
INSERT INTO participate VALUES(237, 29, '16.232s', 4, NULL);
INSERT INTO participate VALUES(24, 29, '16.3022s', 5, NULL);
INSERT INTO participate VALUES(151, 29, '16.3722s', 6, NULL);
INSERT INTO participate VALUES(297, 29, '16.4423s', 7, NULL);
INSERT INTO participate VALUES(290, 29, '16.5123s', 8, NULL);
INSERT INTO participate VALUES(196, 32, '16.5823s', 1, 'gold');
INSERT INTO participate VALUES(83, 32, '16.6523s', 2, 'silver');
INSERT INTO participate VALUES(248, 32, '16.7224s', 3, 'bronze');
INSERT INTO participate VALUES(111, 32, '16.7924s', 4, NULL);
INSERT INTO participate VALUES(8, 32, '16.8624s', 5, NULL);
INSERT INTO participate VALUES(100, 32, '16.9325s', 6, NULL);
INSERT INTO participate VALUES(268, 32, '17.0025s', 7, NULL);
INSERT INTO participate VALUES(276, 32, '17.0725s', 8, NULL);
INSERT INTO participate VALUES(112, 35, '17.1425s', 1, 'gold');
INSERT INTO participate VALUES(204, 35, '17.2126s', 2, 'silver');
INSERT INTO participate VALUES(254, 35, '17.2826s', 3, 'bronze');
INSERT INTO participate VALUES(169, 35, '17.3526s', 4, NULL);
INSERT INTO participate VALUES(289, 35, '17.4227s', 5, NULL);
INSERT INTO participate VALUES(175, 35, '17.4927s', 6, NULL);
INSERT INTO participate VALUES(229, 35, '17.5627s', 7, NULL);
INSERT INTO participate VALUES(126, 35, '17.6327s', 8, NULL);
INSERT INTO participate VALUES(284, 38, '17.7028s', 1, 'gold');
INSERT INTO participate VALUES(3, 38, '17.7728s', 2, 'silver');
INSERT INTO participate VALUES(200, 38, '17.843s', 3, 'bronze');
INSERT INTO participate VALUES(272, 38, '17.913s', 4, NULL);
INSERT INTO participate VALUES(73, 38, '17.983s', 5, NULL);
INSERT INTO participate VALUES(273, 38, '18.053s', 6, NULL);
INSERT INTO participate VALUES(293, 38, '18.123s', 7, NULL);
INSERT INTO participate VALUES(113, 38, '18.193s', 8, NULL);
INSERT INTO participate VALUES(224, 41, '18.263s', 1, 'gold');
INSERT INTO participate VALUES(33, 41, '18.333s', 2, 'silver');
INSERT INTO participate VALUES(257, 41, '18.403s', 3, 'bronze');
INSERT INTO participate VALUES(194, 41, '18.473s', 4, NULL);
INSERT INTO participate VALUES(298, 41, '18.543s', 5, NULL);
INSERT INTO participate VALUES(291, 41, '18.613s', 6, NULL);
INSERT INTO participate VALUES(110, 41, '18.683s', 7, NULL);
INSERT INTO participate VALUES(270, 41, '18.7532s', 8, NULL);
INSERT INTO participate VALUES(216, 44, '18.8232s', 1, 'gold');
INSERT INTO participate VALUES(259, 44, '18.8933s', 2, 'silver');
INSERT INTO participate VALUES(192, 44, '18.9633s', 3, 'bronze');
INSERT INTO participate VALUES(218, 44, '19.0333s', 4, NULL);
INSERT INTO participate VALUES(188, 44, '19.1033s', 5, NULL);
INSERT INTO participate VALUES(2, 44, '19.1734s', 6, NULL);
INSERT INTO participate VALUES(281, 44, '19.2434s', 7, NULL);
INSERT INTO participate VALUES(282, 44, '19.3134s', 8, NULL);
INSERT INTO participate VALUES(176, 47, '19.3835s', 1, 'gold');
INSERT INTO participate VALUES(244, 47, '19.4535s', 2, 'silver');
INSERT INTO participate VALUES(14, 47, '19.5235s', 3, 'bronze');
INSERT INTO participate VALUES(131, 47, '19.5935s', 4, NULL);
INSERT INTO participate VALUES(96, 47, '19.6636s', 5, NULL);
INSERT INTO participate VALUES(284, 47, '19.7336s', 6, NULL);
INSERT INTO participate VALUES(97, 47, '19.8036s', 7, NULL);
INSERT INTO participate VALUES(48, 47, '19.8737s', 8, NULL);
INSERT INTO participate VALUES(291, 50, '19.9437s', 1, 'gold');
INSERT INTO participate VALUES(143, 50, '20.0137s', 2, 'silver');
INSERT INTO participate VALUES(15, 50, '20.0837s', 3, 'bronze');
INSERT INTO participate VALUES(37, 50, '20.1538s', 4, NULL);
INSERT INTO participate VALUES(41, 50, '20.2238s', 5, NULL);
INSERT INTO participate VALUES(10, 50, '20.294s', 6, NULL);
INSERT INTO participate VALUES(236, 50, '20.364s', 7, NULL);
INSERT INTO participate VALUES(6, 50, '20.434s', 8, NULL);
INSERT INTO participate VALUES(149, 53, '20.504s', 1, 'gold');
INSERT INTO participate VALUES(140, 53, '20.574s', 2, 'silver');
INSERT INTO participate VALUES(146, 53, '20.644s', 3, 'bronze');
INSERT INTO participate VALUES(63, 53, '20.714s', 4, NULL);
INSERT INTO participate VALUES(99, 53, '20.784s', 5, NULL);
INSERT INTO participate VALUES(188, 53, '20.854s', 6, NULL);
INSERT INTO participate VALUES(155, 53, '20.924s', 7, NULL);
INSERT INTO participate VALUES(36, 53, '20.994s', 8, NULL);
INSERT INTO participate VALUES(91, 56, '21.064s', 1, 'gold');
INSERT INTO participate VALUES(89, 56, '21.134s', 2, 'silver');
INSERT INTO participate VALUES(143, 56, '21.2042s', 3, 'bronze');
INSERT INTO participate VALUES(278, 56, '21.2742s', 4, NULL);
INSERT INTO participate VALUES(92, 56, '21.3442s', 5, NULL);
INSERT INTO participate VALUES(147, 56, '21.4143s', 6, NULL);
INSERT INTO participate VALUES(158, 56, '21.4843s', 7, NULL);
INSERT INTO participate VALUES(240, 56, '21.5543s', 8, NULL);
INSERT INTO participate VALUES(173, 59, '21.6244s', 1, 'gold');
INSERT INTO participate VALUES(264, 59, '21.6944s', 2, 'silver');
INSERT INTO participate VALUES(253, 59, '21.7644s', 3, 'bronze');
INSERT INTO participate VALUES(66, 59, '21.8344s', 4, NULL);
INSERT INTO participate VALUES(13, 59, '21.9045s', 5, NULL);
INSERT INTO participate VALUES(167, 59, '21.9745s', 6, NULL);
INSERT INTO participate VALUES(200, 59, '22.0445s', 7, NULL);
INSERT INTO participate VALUES(187, 59, '22.1146s', 8, NULL);
INSERT INTO participate VALUES(210, 62, '22.1846s', 1, 'gold');
INSERT INTO participate VALUES(94, 62, '22.2546s', 2, 'silver');
INSERT INTO participate VALUES(121, 62, '22.3246s', 3, 'bronze');
INSERT INTO participate VALUES(53, 62, '22.3947s', 4, NULL);
INSERT INTO participate VALUES(119, 62, '22.4647s', 5, NULL);
INSERT INTO participate VALUES(252, 62, '22.5347s', 6, NULL);
INSERT INTO participate VALUES(104, 62, '22.6048s', 7, NULL);
INSERT INTO participate VALUES(217, 62, '22.6748s', 8, NULL);
INSERT INTO participate VALUES(12, 65, '22.7448s', 1, 'gold');
INSERT INTO participate VALUES(109, 65, '22.815s', 2, 'silver');
INSERT INTO participate VALUES(9, 65, '22.885s', 3, 'bronze');
INSERT INTO participate VALUES(201, 65, '22.955s', 4, NULL);
INSERT INTO participate VALUES(69, 65, '23.025s', 5, NULL);
INSERT INTO participate VALUES(20, 65, '23.095s', 6, NULL);
INSERT INTO participate VALUES(80, 65, '23.165s', 7, NULL);
INSERT INTO participate VALUES(226, 65, '23.235s', 8, NULL);
INSERT INTO participate VALUES(251, 68, '23.305s', 1, 'gold');
INSERT INTO participate VALUES(215, 68, '23.375s', 2, 'silver');
INSERT INTO participate VALUES(269, 68, '23.445s', 3, 'bronze');
INSERT INTO participate VALUES(108, 68, '23.515s', 4, NULL);
INSERT INTO participate VALUES(255, 68, '23.585s', 5, NULL);
INSERT INTO participate VALUES(227, 68, '23.6552s', 6, NULL);
INSERT INTO participate VALUES(109, 68, '23.7252s', 7, NULL);
INSERT INTO participate VALUES(260, 68, '23.7952s', 8, NULL);
INSERT INTO participate VALUES(18, 71, '23.8653s', 1, 'gold');
INSERT INTO participate VALUES(201, 71, '23.9353s', 2, 'silver');
INSERT INTO participate VALUES(289, 71, '24.0053s', 3, 'bronze');
INSERT INTO participate VALUES(159, 71, '24.0754s', 4, NULL);
INSERT INTO participate VALUES(215, 71, '24.1454s', 5, NULL);
INSERT INTO participate VALUES(29, 71, '24.2154s', 6, NULL);
INSERT INTO participate VALUES(142, 71, '24.2854s', 7, NULL);
INSERT INTO participate VALUES(61, 71, '24.3555s', 8, NULL);
INSERT INTO participate VALUES(122, 74, '24.4255s', 1, 'gold');
INSERT INTO participate VALUES(26, 74, '24.4955s', 2, 'silver');
INSERT INTO participate VALUES(166, 74, '24.5656s', 3, 'bronze');
INSERT INTO participate VALUES(37, 74, '24.6356s', 4, NULL);
INSERT INTO participate VALUES(38, 74, '24.7056s', 5, NULL);
INSERT INTO participate VALUES(167, 74, '24.7756s', 6, NULL);
INSERT INTO participate VALUES(162, 74, '24.8457s', 7, NULL);
INSERT INTO participate VALUES(89, 74, '24.9157s', 8, NULL);




INSERT INTO spectator VALUES(1,  'David Gilbert');
INSERT INTO spectator VALUES(2,  'Mathieu Vachon');
INSERT INTO spectator VALUES(3,  'Daniel Chernis');
INSERT INTO spectator VALUES(4,  'Paul Wu');
INSERT INTO spectator VALUES(5,  'Joseph DSilva');
INSERT INTO spectator VALUES(6,  'Tony Stark');


INSERT INTO ticket VALUES(1, 2, 1, '55f', 50.99);
INSERT INTO ticket VALUES(2, 2, 2, '244A', 249.99);
INSERT INTO ticket VALUES(3, 1, 3, '54B', 53.99);
INSERT INTO ticket VALUES(4, 2, 4, '14E', 249.99);
INSERT INTO ticket VALUES(5, 1, 5, '18B', 250.99);
INSERT INTO ticket VALUES(6, 2, 6, '44J', 129.99);
